,day,t_min,ht_min,t_max,ht_max,Climatologica,Aritmetica,col_7,col_8,col_9,url,est,year,month,date,seremi_alerta,seremi_alerta_temporal_34,seremi_alerta_consecutiva_34_2dias,seremi_alerta_consecutiva_34_3dias,sobre_35_alerta,senapred_alerta,mes,senapred_alerta_temporal,senapred_alerta_consecutiva,senapred_alerta_consecutiva_3
0,2.0,11.6,06:07,32.3,17:00,21.3,21.3,24,,,330020/2024/1,330020,2024,1,2024-01-02,Verde Temprana Preventiva,False,,,Bajo 35,Alerta Temprana Preventiva,1,False,,
1,3.0,13.7,06:40,30.9,16:36,22.6,22.6,24,,,330020/2024/1,330020,2024,1,2024-01-03,Verde Temprana Preventiva,False,0.0,,Bajo 35,Alerta Temprana Preventiva,1,False,0.0,
2,4.0,13.4,06:57,29.4,15:21,21.2,21.2,24,,,330020/2024/1,330020,2024,1,2024-01-04,Sin Alerta,False,0.0,0.0,Bajo 35,Alerta Temprana Preventiva,1,False,0.0,0.0
3,5.0,13.4,06:43,25.3,15:58,19.5,19.5,24,,,330020/2024/1,330020,2024,1,2024-01-05,Sin Alerta,False,0.0,0.0,Bajo 35,Alerta Temprana Preventiva,1,False,0.0,0.0
4,6.0,13.2,06:44,27.0,15:51,19.4,19.4,24,,,330020/2024/1,330020,2024,1,2024-01-06,Sin Alerta,False,0.0,0.0,Bajo 35,Alerta Temprana Preventiva,1,False,0.0,0.0
5,7.0,12.2,06:47,30.4,16:33,20.7,20.7,24,,,330020/2024/1,330020,2024,1,2024-01-07,Verde Temprana Preventiva,False,0.0,0.0,Bajo 35,Alerta Temprana Preventiva,1,False,0.0,0.0
6,8.0,12.8,06:15,30.8,15:51,22.0,22.0,24,,,330020/2024/1,330020,2024,1,2024-01-08,Verde Temprana Preventiva,False,0.0,0.0,Bajo 35,Alerta Temprana Preventiva,1,False,0.0,0.0
7,9.0,11.8,06:16,30.7,15:25,21.6,21.6,24,,,330020/2024/1,330020,2024,1,2024-01-09,Verde Temprana Preventiva,False,0.0,0.0,Bajo 35,Alerta Temprana Preventiva,1,False,0.0,0.0
8,10.0,12.2,06:52,30.8,16:41,21.5,21.5,24,,,330020/2024/1,330020,2024,1,2024-01-10,Verde Temprana Preventiva,False,0.0,0.0,Bajo 35,Alerta Temprana Preventiva,1,False,0.0,0.0
9,11.0,15.6,06:46,31.1,16:29,22.4,22.4,24,,,330020/2024/1,330020,2024,1,2024-01-11,Verde Temprana Preventiva,False,0.0,0.0,Bajo 35,Alerta Temprana Preventiva,1,False,0.0,0.0
10,12.0,13.6,06:22,29.7,15:44,21.0,21.0,24,,,330020/2024/1,330020,2024,1,2024-01-12,Sin Alerta,False,0.0,0.0,Bajo 35,Alerta Temprana Preventiva,1,False,0.0,0.0
11,13.0,11.2,07:25,28.0,16:18,19.6,19.6,24,,,330020/2024/1,330020,2024,1,2024-01-13,Sin Alerta,False,0.0,0.0,Bajo 35,Alerta Temprana Preventiva,1,False,0.0,0.0
12,14.0,11.3,06:58,34.1,16:21,22.0,22.0,24,,,330020/2024/1,330020,2024,1,2024-01-14,Verde Temprana Preventiva,True,1.0,1.0,Bajo 35,Alerta Temprana Preventiva,1,True,1.0,1.0
13,15.0,13.3,07:17,31.3,15:12,23.5,23.5,24,,,330020/2024/1,330020,2024,1,2024-01-15,Verde Temprana Preventiva,False,1.0,1.0,Bajo 35,Alerta Temprana Preventiva,1,False,1.0,1.0
14,16.0,11.2,06:42,32.1,17:24,20.7,20.7,24,,,330020/2024/1,330020,2024,1,2024-01-16,Verde Temprana Preventiva,False,0.0,1.0,Bajo 35,Alerta Temprana Preventiva,1,False,0.0,1.0
15,17.0,14.0,07:15,32.2,14:46,22.8,22.8,24,,,330020/2024/1,330020,2024,1,2024-01-17,Verde Temprana Preventiva,False,0.0,0.0,Bajo 35,Alerta Temprana Preventiva,1,False,0.0,0.0
16,18.0,13.9,06:28,32.9,17:15,22.5,22.5,24,,,330020/2024/1,330020,2024,1,2024-01-18,Verde Temprana Preventiva,False,0.0,0.0,Bajo 35,Alerta Temprana Preventiva,1,False,0.0,0.0
17,19.0,14.0,06:57,34.6,16:13,24.4,24.4,24,,,330020/2024/1,330020,2024,1,2024-01-19,Verde Temprana Preventiva,True,1.0,1.0,Bajo 35,Alerta Temprana Preventiva,1,True,1.0,1.0
18,20.0,14.7,05:29,32.1,16:32,23.6,23.6,24,,,330020/2024/1,330020,2024,1,2024-01-20,Verde Temprana Preventiva,False,1.0,1.0,Bajo 35,Alerta Temprana Preventiva,1,False,1.0,1.0
19,21.0,14.2,06:14,33.9,16:24,23.6,23.6,24,,,330020/2024/1,330020,2024,1,2024-01-21,Verde Temprana Preventiva,False,0.0,1.0,Bajo 35,Alerta Temprana Preventiva,1,False,0.0,1.0
20,22.0,15.0,07:19,34.9,15:43,24.9,24.9,24,,,330020/2024/1,330020,2024,1,2024-01-22,Verde Temprana Preventiva,True,1.0,1.0,Bajo 35,Alerta Temprana Preventiva,1,True,1.0,1.0
21,23.0,15.2,06:50,30.9,17:15,22.9,22.9,24,,,330020/2024/1,330020,2024,1,2024-01-23,Verde Temprana Preventiva,False,1.0,1.0,Bajo 35,Alerta Temprana Preventiva,1,False,1.0,1.0
22,24.0,15.0,06:03,36.7,15:44,24.6,24.6,24,,,330020/2024/1,330020,2024,1,2024-01-24,Verde Temprana Preventiva,True,1.0,2.0,Sobre 35,Alerta Temprana Preventiva,1,True,1.0,2.0
23,25.0,16.9,06:38,32.0,14:45,24.3,24.3,24,,,330020/2024/1,330020,2024,1,2024-01-25,Verde Temprana Preventiva,False,1.0,1.0,Bajo 35,Alerta Temprana Preventiva,1,False,1.0,1.0
24,26.0,14.5,06:59,30.9,17:18,21.3,21.3,24,,,330020/2024/1,330020,2024,1,2024-01-26,Verde Temprana Preventiva,False,0.0,1.0,Bajo 35,Alerta Temprana Preventiva,1,False,0.0,1.0
25,27.0,15.6,07:31,34.0,15:46,24.1,24.1,24,,,330020/2024/1,330020,2024,1,2024-01-27,Verde Temprana Preventiva,True,1.0,1.0,Bajo 35,Alerta Temprana Preventiva,1,True,1.0,1.0
26,28.0,17.0,07:48,30.6,16:01,23.7,23.7,24,,,330020/2024/1,330020,2024,1,2024-01-28,Verde Temprana Preventiva,False,1.0,1.0,Bajo 35,Alerta Temprana Preventiva,1,False,1.0,1.0
27,29.0,15.0,06:15,33.3,15:17,23.4,23.4,24,,,330020/2024/1,330020,2024,1,2024-01-29,Verde Temprana Preventiva,False,0.0,1.0,Bajo 35,Alerta Temprana Preventiva,1,False,0.0,1.0
28,30.0,15.0,06:21,35.1,16:05,24.5,24.5,24,,,330020/2024/1,330020,2024,1,2024-01-30,Verde Temprana Preventiva,True,1.0,1.0,Sobre 35,Alerta Temprana Preventiva,1,True,1.0,1.0
29,31.0,15.1,07:20,37.3,16:07,26.1,26.1,24,,,330020/2024/1,330020,2024,1,2024-01-31,Alerta Amarilla,True,2.0,2.0,Sobre 35,Alerta Amarilla,1,True,2.0,2.0
30,1.0,15.8,07:03,35.5,15:33,26.2,26.2,24,,,330020/2024/2,330020,2024,2,2024-02-01,Alerta Roja,True,2.0,3.0,Sobre 35,Alerta Roja,2,True,2.0,3.0
31,2.0,15.4,07:13,35.5,16:42,25.4,25.4,24,,,330020/2024/2,330020,2024,2,2024-02-02,Alerta Roja,True,2.0,3.0,Sobre 35,Alerta Roja,2,True,2.0,3.0
32,3.0,16.1,07:13,36.1,16:31,26.7,26.7,24,,,330020/2024/2,330020,2024,2,2024-02-03,Alerta Roja,True,2.0,3.0,Sobre 35,Alerta Roja,2,True,2.0,3.0
33,4.0,15.3,06:42,30.8,14:04,23.7,23.7,24,,,330020/2024/2,330020,2024,2,2024-02-04,Verde Temprana Preventiva,False,1.0,2.0,Bajo 35,Alerta Temprana Preventiva,2,False,1.0,2.0
34,5.0,14.3,07:27,33.1,17:05,22.7,22.7,24,,,330020/2024/2,330020,2024,2,2024-02-05,Verde Temprana Preventiva,False,0.0,1.0,Bajo 35,Alerta Temprana Preventiva,2,False,0.0,1.0
35,6.0,15.5,07:15,32.7,15:32,24.3,24.3,24,,,330020/2024/2,330020,2024,2,2024-02-06,Verde Temprana Preventiva,False,0.0,0.0,Bajo 35,Alerta Temprana Preventiva,2,False,0.0,0.0
36,7.0,14.7,07:12,35.0,16:14,24.3,24.3,24,,,330020/2024/2,330020,2024,2,2024-02-07,Verde Temprana Preventiva,True,1.0,1.0,Sobre 35,Alerta Temprana Preventiva,2,True,1.0,1.0
37,8.0,17.6,06:53,33.7,15:36,25.2,25.2,24,,,330020/2024/2,330020,2024,2,2024-02-08,Verde Temprana Preventiva,False,1.0,1.0,Bajo 35,Alerta Temprana Preventiva,2,False,1.0,1.0
38,9.0,15.5,06:49,31.6,15:22,23.1,23.1,24,,,330020/2024/2,330020,2024,2,2024-02-09,Verde Temprana Preventiva,False,0.0,1.0,Bajo 35,Alerta Temprana Preventiva,2,False,0.0,1.0
39,10.0,13.8,07:11,32.9,15:17,23.1,23.1,24,,,330020/2024/2,330020,2024,2,2024-02-10,Verde Temprana Preventiva,False,0.0,0.0,Bajo 35,Alerta Temprana Preventiva,2,False,0.0,0.0
40,11.0,14.0,07:27,30.4,16:32,22.8,22.8,24,,,330020/2024/2,330020,2024,2,2024-02-11,Verde Temprana Preventiva,False,0.0,0.0,Bajo 35,Alerta Temprana Preventiva,2,False,0.0,0.0
41,12.0,14.4,07:13,34.5,18:01,23.0,23.0,24,,,330020/2024/2,330020,2024,2,2024-02-12,Verde Temprana Preventiva,True,1.0,1.0,Bajo 35,Alerta Temprana Preventiva,2,True,1.0,1.0
42,13.0,15.6,07:02,31.3,15:53,24.2,24.2,24,,,330020/2024/2,330020,2024,2,2024-02-13,Verde Temprana Preventiva,False,1.0,1.0,Bajo 35,Alerta Temprana Preventiva,2,False,1.0,1.0
43,14.0,13.7,06:17,31.2,17:22,20.7,20.7,24,,,330020/2024/2,330020,2024,2,2024-02-14,Verde Temprana Preventiva,False,0.0,1.0,Bajo 35,Alerta Temprana Preventiva,2,False,0.0,1.0
44,15.0,14.1,07:29,33.1,16:10,22.2,22.2,24,,,330020/2024/2,330020,2024,2,2024-02-15,Verde Temprana Preventiva,False,0.0,0.0,Bajo 35,Alerta Temprana Preventiva,2,False,0.0,0.0
45,16.0,15.1,06:52,29.9,14:42,21.9,21.9,24,,,330020/2024/2,330020,2024,2,2024-02-16,Sin Alerta,False,0.0,0.0,Bajo 35,Alerta Temprana Preventiva,2,False,0.0,0.0
46,17.0,14.5,07:34,33.3,17:46,23.1,23.1,24,,,330020/2024/2,330020,2024,2,2024-02-17,Verde Temprana Preventiva,False,0.0,0.0,Bajo 35,Alerta Temprana Preventiva,2,False,0.0,0.0
47,18.0,15.1,07:49,34.2,15:51,24.7,24.7,24,,,330020/2024/2,330020,2024,2,2024-02-18,Verde Temprana Preventiva,True,1.0,1.0,Bajo 35,Alerta Temprana Preventiva,2,True,1.0,1.0
48,19.0,14.3,08:20,27.4,15:59,20.5,20.5,24,,,330020/2024/2,330020,2024,2,2024-02-19,Sin Alerta,False,1.0,1.0,Bajo 35,Alerta Temprana Preventiva,2,False,1.0,1.0
49,20.0,14.6,07:07,29.6,16:07,20.4,20.4,24,,,330020/2024/2,330020,2024,2,2024-02-20,Sin Alerta,False,0.0,1.0,Bajo 35,Alerta Temprana Preventiva,2,False,0.0,1.0
50,21.0,14.2,07:07,29.7,16:04,20.3,20.3,24,,,330020/2024/2,330020,2024,2,2024-02-21,Sin Alerta,False,0.0,0.0,Bajo 35,Alerta Temprana Preventiva,2,False,0.0,0.0
51,22.0,14.0,17:52,19.2,21:00,16.2,16.2,24,,,330020/2024/2,330020,2024,2,2024-02-22,Sin Alerta,False,0.0,0.0,Bajo 35,Alerta Temprana Preventiva,2,False,0.0,0.0
52,23.0,11.7,06:32,30.0,17:27,18.7,18.7,24,,,330020/2024/2,330020,2024,2,2024-02-23,Verde Temprana Preventiva,False,0.0,0.0,Bajo 35,Alerta Temprana Preventiva,2,False,0.0,0.0
53,24.0,13.9,07:25,31.6,17:06,22.5,22.5,24,,,330020/2024/2,330020,2024,2,2024-02-24,Verde Temprana Preventiva,False,0.0,0.0,Bajo 35,Alerta Temprana Preventiva,2,False,0.0,0.0
54,25.0,13.6,07:04,31.3,16:56,22.3,22.3,24,,,330020/2024/2,330020,2024,2,2024-02-25,Verde Temprana Preventiva,False,0.0,0.0,Bajo 35,Alerta Temprana Preventiva,2,False,0.0,0.0
55,26.0,13.3,07:41,31.9,16:06,21.8,21.8,24,,,330020/2024/2,330020,2024,2,2024-02-26,Verde Temprana Preventiva,False,0.0,0.0,Bajo 35,Alerta Temprana Preventiva,2,False,0.0,0.0
56,27.0,13.6,06:28,31.7,16:24,22.6,22.6,24,,,330020/2024/2,330020,2024,2,2024-02-27,Verde Temprana Preventiva,False,0.0,0.0,Bajo 35,Alerta Temprana Preventiva,2,False,0.0,0.0
57,28.0,12.9,06:52,32.5,17:31,22.0,22.0,24,,,330020/2024/2,330020,2024,2,2024-02-28,Verde Temprana Preventiva,False,0.0,0.0,Bajo 35,Alerta Temprana Preventiva,2,False,0.0,0.0
58,29.0,13.7,06:57,33.5,17:09,23.4,23.4,24,,,330020/2024/2,330020,2024,2,2024-02-29,Verde Temprana Preventiva,False,0.0,0.0,Bajo 35,Alerta Temprana Preventiva,2,False,0.0,0.0
59,1.0,13.3,06:34,30.9,16:10,22.3,22.3,24,,,330020/2024/3,330020,2024,3,2024-03-01,Verde Temprana Preventiva,False,0.0,0.0,Bajo 35,Alerta Temprana Preventiva,3,False,0.0,0.0
60,2.0,13.9,07:50,31.3,16:53,21.8,21.8,24,,,330020/2024/3,330020,2024,3,2024-03-02,Verde Temprana Preventiva,False,0.0,0.0,Bajo 35,Alerta Temprana Preventiva,3,False,0.0,0.0
61,3.0,12.5,07:14,31.1,15:21,22.1,22.1,24,,,330020/2024/3,330020,2024,3,2024-03-03,Verde Temprana Preventiva,False,0.0,0.0,Bajo 35,Alerta Temprana Preventiva,3,False,0.0,0.0
62,4.0,12.6,07:34,32.7,15:49,22.3,22.3,24,,,330020/2024/3,330020,2024,3,2024-03-04,Verde Temprana Preventiva,False,0.0,0.0,Bajo 35,Alerta Temprana Preventiva,3,False,0.0,0.0
63,5.0,12.2,06:42,31.1,16:56,21.6,21.6,24,,,330020/2024/3,330020,2024,3,2024-03-05,Verde Temprana Preventiva,False,0.0,0.0,Bajo 35,Alerta Temprana Preventiva,3,False,0.0,0.0
64,6.0,12.7,06:42,30.3,17:11,21.0,21.0,24,,,330020/2024/3,330020,2024,3,2024-03-06,Verde Temprana Preventiva,False,0.0,0.0,Bajo 35,Alerta Temprana Preventiva,3,False,0.0,0.0
65,7.0,11.7,06:45,28.6,16:24,19.9,19.9,24,,,330020/2024/3,330020,2024,3,2024-03-07,Sin Alerta,False,0.0,0.0,Bajo 35,Alerta Temprana Preventiva,3,False,0.0,0.0
66,8.0,9.8,07:11,28.9,18:31,18.4,18.4,24,,,330020/2024/3,330020,2024,3,2024-03-08,Sin Alerta,False,0.0,0.0,Bajo 35,Alerta Temprana Preventiva,3,False,0.0,0.0
67,9.0,10.5,07:59,31.8,16:00,20.0,20.0,24,,,330020/2024/3,330020,2024,3,2024-03-09,Verde Temprana Preventiva,False,0.0,0.0,Bajo 35,Alerta Temprana Preventiva,3,False,0.0,0.0
68,10.0,11.9,07:00,30.3,17:37,20.7,20.7,24,,,330020/2024/3,330020,2024,3,2024-03-10,Verde Temprana Preventiva,False,0.0,0.0,Bajo 35,Alerta Temprana Preventiva,3,False,0.0,0.0
69,11.0,11.3,06:51,28.7,15:47,19.4,19.4,24,,,330020/2024/3,330020,2024,3,2024-03-11,Sin Alerta,False,0.0,0.0,Bajo 35,Alerta Temprana Preventiva,3,False,0.0,0.0
70,12.0,9.9,07:21,28.8,16:22,18.4,18.4,24,,,330020/2024/3,330020,2024,3,2024-03-12,Sin Alerta,False,0.0,0.0,Bajo 35,Alerta Temprana Preventiva,3,False,0.0,0.0
71,13.0,11.6,06:33,29.5,16:23,19.8,19.8,24,,,330020/2024/3,330020,2024,3,2024-03-13,Sin Alerta,False,0.0,0.0,Bajo 35,Alerta Temprana Preventiva,3,False,0.0,0.0
72,14.0,10.5,06:42,29.7,16:00,20.0,20.0,24,,,330020/2024/3,330020,2024,3,2024-03-14,Sin Alerta,False,0.0,0.0,Bajo 35,Alerta Temprana Preventiva,3,False,0.0,0.0
73,15.0,10.6,06:32,29.9,16:56,19.7,19.7,24,,,330020/2024/3,330020,2024,3,2024-03-15,Sin Alerta,False,0.0,0.0,Bajo 35,Alerta Temprana Preventiva,3,False,0.0,0.0
74,16.0,9.6,07:44,29.7,16:50,19.3,19.3,24,,,330020/2024/3,330020,2024,3,2024-03-16,Sin Alerta,False,0.0,0.0,Bajo 35,Alerta Temprana Preventiva,3,False,0.0,0.0
75,17.0,10.1,08:11,30.1,15:32,19.9,19.9,24,,,330020/2024/3,330020,2024,3,2024-03-17,Verde Temprana Preventiva,False,0.0,0.0,Bajo 35,Alerta Temprana Preventiva,3,False,0.0,0.0
76,18.0,10.9,06:07,31.5,17:15,20.5,20.5,24,,,330020/2024/3,330020,2024,3,2024-03-18,Verde Temprana Preventiva,False,0.0,0.0,Bajo 35,Alerta Temprana Preventiva,3,False,0.0,0.0
77,19.0,12.4,07:43,28.9,14:02,20.5,20.5,24,,,330020/2024/3,330020,2024,3,2024-03-19,Sin Alerta,False,0.0,0.0,Bajo 35,Alerta Temprana Preventiva,3,False,0.0,0.0
78,20.0,11.8,05:50,19.8,21:00,15.6,15.6,24,,,330020/2024/3,330020,2024,3,2024-03-20,Sin Alerta,False,0.0,0.0,Bajo 35,Alerta Temprana Preventiva,3,False,0.0,0.0
79,21.0,11.6,07:35,31.0,16:40,19.9,19.9,24,,,330020/2024/3,330020,2024,3,2024-03-21,Verde Temprana Preventiva,False,0.0,0.0,Bajo 35,Alerta Temprana Preventiva,3,False,0.0,0.0
80,22.0,12.5,07:49,32.4,15:21,21.8,21.8,24,,,330020/2024/3,330020,2024,3,2024-03-22,Verde Temprana Preventiva,False,0.0,0.0,Bajo 35,Alerta Temprana Preventiva,3,False,0.0,0.0
81,23.0,11.7,07:57,30.7,16:43,21.5,21.5,24,,,330020/2024/3,330020,2024,3,2024-03-23,Verde Temprana Preventiva,False,0.0,0.0,Bajo 35,Alerta Temprana Preventiva,3,False,0.0,0.0
82,24.0,12.5,07:19,32.4,16:34,21.9,21.9,24,,,330020/2024/3,330020,2024,3,2024-03-24,Verde Temprana Preventiva,False,0.0,0.0,Bajo 35,Alerta Temprana Preventiva,3,False,0.0,0.0
83,25.0,13.2,06:56,30.2,14:35,21.5,21.5,24,,,330020/2024/3,330020,2024,3,2024-03-25,Verde Temprana Preventiva,False,0.0,0.0,Bajo 35,Alerta Temprana Preventiva,3,False,0.0,0.0
84,26.0,12.2,06:05,30.6,16:17,20.0,20.0,24,,,330020/2024/3,330020,2024,3,2024-03-26,Verde Temprana Preventiva,False,0.0,0.0,Bajo 35,Alerta Temprana Preventiva,3,False,0.0,0.0
85,27.0,13.5,07:55,30.4,17:15,21.5,21.5,24,,,330020/2024/3,330020,2024,3,2024-03-27,Verde Temprana Preventiva,False,0.0,0.0,Bajo 35,Alerta Temprana Preventiva,3,False,0.0,0.0
86,28.0,13.5,07:32,30.4,16:09,21.6,21.6,24,,,330020/2024/3,330020,2024,3,2024-03-28,Verde Temprana Preventiva,False,0.0,0.0,Bajo 35,Alerta Temprana Preventiva,3,False,0.0,0.0
87,29.0,12.3,07:54,32.1,16:26,20.9,20.9,24,,,330020/2024/3,330020,2024,3,2024-03-29,Verde Temprana Preventiva,False,0.0,0.0,Bajo 35,Alerta Temprana Preventiva,3,False,0.0,0.0
88,30.0,13.8,06:30,31.9,16:18,21.9,21.9,24,,,330020/2024/3,330020,2024,3,2024-03-30,Verde Temprana Preventiva,False,0.0,0.0,Bajo 35,Alerta Temprana Preventiva,3,False,0.0,0.0
89,31.0,13.0,08:09,29.7,14:23,20.8,20.8,24,,,330020/2024/3,330020,2024,3,2024-03-31,Sin Alerta,False,0.0,0.0,Bajo 35,Alerta Temprana Preventiva,3,False,0.0,0.0
90,1.0,14.4,06:50,26.5,16:35,19.8,19.8,24,,,330020/2024/4,330020,2024,4,2024-04-01,Sin Alerta,False,0.0,0.0,Bajo 35,Sin Alerta,4,False,0.0,0.0
91,2.0,10.0,09:00,24.5,12:33,17.2,17.2,24,,,330020/2024/4,330020,2024,4,2024-04-02,Sin Alerta,False,0.0,0.0,Bajo 35,Sin Alerta,4,False,0.0,0.0
92,3.0,13.9,04:48,19.9,14:12,16.6,16.6,24,,,330020/2024/4,330020,2024,4,2024-04-03,Sin Alerta,False,0.0,0.0,Bajo 35,Sin Alerta,4,False,0.0,0.0
93,4.0,10.5,06:11,27.3,17:00,17.7,17.7,24,,,330020/2024/4,330020,2024,4,2024-04-04,Sin Alerta,False,0.0,0.0,Bajo 35,Sin Alerta,4,False,0.0,0.0
94,5.0,9.9,07:43,29.2,16:01,18.5,18.5,24,,,330020/2024/4,330020,2024,4,2024-04-05,Sin Alerta,False,0.0,0.0,Bajo 35,Sin Alerta,4,False,0.0,0.0
95,6.0,9.7,06:46,26.4,17:03,17.8,17.8,24,,,330020/2024/4,330020,2024,4,2024-04-06,Sin Alerta,False,0.0,0.0,Bajo 35,Sin Alerta,4,False,0.0,0.0
96,7.0,9.3,06:22,29.2,14:32,18.3,18.3,24,,,330020/2024/4,330020,2024,4,2024-04-07,Sin Alerta,False,0.0,0.0,Bajo 35,Sin Alerta,4,False,0.0,0.0
97,8.0,9.3,07:23,26.6,14:27,18.1,18.1,24,,,330020/2024/4,330020,2024,4,2024-04-08,Sin Alerta,False,0.0,0.0,Bajo 35,Sin Alerta,4,False,0.0,0.0
98,9.0,9.6,06:23,28.2,15:14,17.8,17.8,24,,,330020/2024/4,330020,2024,4,2024-04-09,Sin Alerta,False,0.0,0.0,Bajo 35,Sin Alerta,4,False,0.0,0.0
99,10.0,10.6,06:59,27.8,14:08,18.6,18.6,24,,,330020/2024/4,330020,2024,4,2024-04-10,Sin Alerta,False,0.0,0.0,Bajo 35,Sin Alerta,4,False,0.0,0.0
100,11.0,10.0,03:15,20.5,14:26,14.9,14.9,24,,,330020/2024/4,330020,2024,4,2024-04-11,Sin Alerta,False,0.0,0.0,Bajo 35,Sin Alerta,4,False,0.0,0.0
101,12.0,11.3,05:45,16.5,12:28,13.7,13.7,24,,,330020/2024/4,330020,2024,4,2024-04-12,Sin Alerta,False,0.0,0.0,Bajo 35,Sin Alerta,4,False,0.0,0.0
102,13.0,8.8,00:43,20.0,15:51,12.7,12.7,24,,,330020/2024/4,330020,2024,4,2024-04-13,Sin Alerta,False,0.0,0.0,Bajo 35,Sin Alerta,4,False,0.0,0.0
103,14.0,7.7,06:56,22.5,16:47,14.8,14.8,24,,,330020/2024/4,330020,2024,4,2024-04-14,Sin Alerta,False,0.0,0.0,Bajo 35,Sin Alerta,4,False,0.0,0.0
104,15.0,11.9,07:30,18.2,16:00,14.8,14.8,24,,,330020/2024/4,330020,2024,4,2024-04-15,Sin Alerta,False,0.0,0.0,Bajo 35,Sin Alerta,4,False,0.0,0.0
105,16.0,8.0,02:34,24.7,15:40,14.8,14.8,24,,,330020/2024/4,330020,2024,4,2024-04-16,Sin Alerta,False,0.0,0.0,Bajo 35,Sin Alerta,4,False,0.0,0.0
106,17.0,7.0,05:09,29.2,15:55,16.0,16.0,24,,,330020/2024/4,330020,2024,4,2024-04-17,Sin Alerta,False,0.0,0.0,Bajo 35,Sin Alerta,4,False,0.0,0.0
107,18.0,9.0,05:24,32.1,14:54,17.9,17.9,24,,,330020/2024/4,330020,2024,4,2024-04-18,Verde Temprana Preventiva,False,0.0,0.0,Bajo 35,Sin Alerta,4,False,0.0,0.0
108,19.0,10.4,06:53,24.8,15:56,17.5,17.5,24,,,330020/2024/4,330020,2024,4,2024-04-19,Sin Alerta,False,0.0,0.0,Bajo 35,Sin Alerta,4,False,0.0,0.0
109,20.0,11.6,07:20,22.3,14:05,16.2,16.2,24,,,330020/2024/4,330020,2024,4,2024-04-20,Sin Alerta,False,0.0,0.0,Bajo 35,Sin Alerta,4,False,0.0,0.0
110,21.0,12.4,07:31,17.6,16:12,14.8,14.8,24,,,330020/2024/4,330020,2024,4,2024-04-21,Sin Alerta,False,0.0,0.0,Bajo 35,Sin Alerta,4,False,0.0,0.0
111,22.0,8.2,07:03,21.6,13:04,14.3,14.3,24,,,330020/2024/4,330020,2024,4,2024-04-22,Sin Alerta,False,0.0,0.0,Bajo 35,Sin Alerta,4,False,0.0,0.0
112,23.0,10.3,00:02,24.9,15:45,16.0,16.0,24,,,330020/2024/4,330020,2024,4,2024-04-23,Sin Alerta,False,0.0,0.0,Bajo 35,Sin Alerta,4,False,0.0,0.0
113,24.0,7.1,07:25,24.2,14:30,14.3,14.3,24,,,330020/2024/4,330020,2024,4,2024-04-24,Sin Alerta,False,0.0,0.0,Bajo 35,Sin Alerta,4,False,0.0,0.0
114,25.0,3.9,07:02,22.8,15:07,12.6,12.6,24,,,330020/2024/4,330020,2024,4,2024-04-25,Sin Alerta,False,0.0,0.0,Bajo 35,Sin Alerta,4,False,0.0,0.0
115,26.0,6.4,07:07,20.6,15:56,13.4,13.4,24,,,330020/2024/4,330020,2024,4,2024-04-26,Sin Alerta,False,0.0,0.0,Bajo 35,Sin Alerta,4,False,0.0,0.0
116,27.0,6.2,06:29,20.7,15:38,13.2,13.2,24,,,330020/2024/4,330020,2024,4,2024-04-27,Sin Alerta,False,0.0,0.0,Bajo 35,Sin Alerta,4,False,0.0,0.0
117,28.0,6.3,05:05,15.1,16:15,10.3,10.3,24,,,330020/2024/4,330020,2024,4,2024-04-28,Sin Alerta,False,0.0,0.0,Bajo 35,Sin Alerta,4,False,0.0,0.0
118,29.0,6.4,22:12,19.6,14:38,12.0,12.0,24,,,330020/2024/4,330020,2024,4,2024-04-29,Sin Alerta,False,0.0,0.0,Bajo 35,Sin Alerta,4,False,0.0,0.0
119,30.0,10.5,05:22,18.0,15:01,13.6,13.6,24,,,330020/2024/4,330020,2024,4,2024-04-30,Sin Alerta,False,0.0,0.0,Bajo 35,Sin Alerta,4,False,0.0,0.0
120,1.0,9.0,19:59,15.0,13:14,12.0,12.0,24,,,330020/2024/5,330020,2024,5,2024-05-01,Sin Alerta,False,0.0,0.0,Bajo 35,Sin Alerta,5,False,0.0,0.0
121,2.0,1.8,07:13,14.8,14:46,7.8,7.8,24,,,330020/2024/5,330020,2024,5,2024-05-02,Sin Alerta,False,0.0,0.0,Bajo 35,Sin Alerta,5,False,0.0,0.0
122,3.0,2.4,07:10,17.8,15:04,10.0,10.0,24,,,330020/2024/5,330020,2024,5,2024-05-03,Sin Alerta,False,0.0,0.0,Bajo 35,Sin Alerta,5,False,0.0,0.0
123,4.0,5.1,08:22,20.4,14:18,11.4,11.4,24,,,330020/2024/5,330020,2024,5,2024-05-04,Sin Alerta,False,0.0,0.0,Bajo 35,Sin Alerta,5,False,0.0,0.0
124,5.0,5.4,07:23,17.1,16:04,10.5,10.5,24,,,330020/2024/5,330020,2024,5,2024-05-05,Sin Alerta,False,0.0,0.0,Bajo 35,Sin Alerta,5,False,0.0,0.0
125,6.0,4.2,03:30,17.7,14:36,9.9,9.9,24,,,330020/2024/5,330020,2024,5,2024-05-06,Sin Alerta,False,0.0,0.0,Bajo 35,Sin Alerta,5,False,0.0,0.0
126,7.0,2.5,04:44,10.2,20:02,6.1,6.1,24,,,330020/2024/5,330020,2024,5,2024-05-07,Sin Alerta,False,0.0,0.0,Bajo 35,Sin Alerta,5,False,0.0,0.0
127,8.0,-0.3,06:51,15.6,15:22,6.0,6.0,24,,,330020/2024/5,330020,2024,5,2024-05-08,Sin Alerta,False,0.0,0.0,Bajo 35,Sin Alerta,5,False,0.0,0.0
128,9.0,0.9,06:54,18.4,14:48,7.9,7.9,24,,,330020/2024/5,330020,2024,5,2024-05-09,Sin Alerta,False,0.0,0.0,Bajo 35,Sin Alerta,5,False,0.0,0.0
129,10.0,2.7,06:47,12.6,11:55,7.5,7.5,24,,,330020/2024/5,330020,2024,5,2024-05-10,Sin Alerta,False,0.0,0.0,Bajo 35,Sin Alerta,5,False,0.0,0.0
130,11.0,1.2,07:37,15.2,15:04,7.2,7.2,24,,,330020/2024/5,330020,2024,5,2024-05-11,Sin Alerta,False,0.0,0.0,Bajo 35,Sin Alerta,5,False,0.0,0.0
131,12.0,2.7,07:52,14.7,14:33,8.2,8.2,24,,,330020/2024/5,330020,2024,5,2024-05-12,Sin Alerta,False,0.0,0.0,Bajo 35,Sin Alerta,5,False,0.0,0.0
132,13.0,0.1,07:07,16.4,15:08,7.0,7.0,24,,,330020/2024/5,330020,2024,5,2024-05-13,Sin Alerta,False,0.0,0.0,Bajo 35,Sin Alerta,5,False,0.0,0.0
133,14.0,0.0,07:31,17.3,15:21,6.9,6.9,24,,,330020/2024/5,330020,2024,5,2024-05-14,Sin Alerta,False,0.0,0.0,Bajo 35,Sin Alerta,5,False,0.0,0.0
134,15.0,3.8,04:39,11.8,14:19,6.3,6.3,24,,,330020/2024/5,330020,2024,5,2024-05-15,Sin Alerta,False,0.0,0.0,Bajo 35,Sin Alerta,5,False,0.0,0.0
135,16.0,-1.1,07:19,15.4,14:55,5.5,5.5,24,,,330020/2024/5,330020,2024,5,2024-05-16,Sin Alerta,False,0.0,0.0,Bajo 35,Sin Alerta,5,False,0.0,0.0
136,17.0,0.5,03:46,15.4,14:58,6.6,6.6,24,,,330020/2024/5,330020,2024,5,2024-05-17,Sin Alerta,False,0.0,0.0,Bajo 35,Sin Alerta,5,False,0.0,0.0
137,18.0,-0.3,07:26,16.5,16:00,6.8,6.8,24,,,330020/2024/5,330020,2024,5,2024-05-18,Sin Alerta,False,0.0,0.0,Bajo 35,Sin Alerta,5,False,0.0,0.0
138,19.0,-0.3,08:03,18.0,14:17,7.5,7.5,24,,,330020/2024/5,330020,2024,5,2024-05-19,Sin Alerta,False,0.0,0.0,Bajo 35,Sin Alerta,5,False,0.0,0.0
139,20.0,7.8,14:33,11.0,21:54,9.2,9.2,24,,,330020/2024/5,330020,2024,5,2024-05-20,Sin Alerta,False,0.0,0.0,Bajo 35,Sin Alerta,5,False,0.0,0.0
140,21.0,8.3,04:21,15.5,14:58,10.0,10.0,24,,,330020/2024/5,330020,2024,5,2024-05-21,Sin Alerta,False,0.0,0.0,Bajo 35,Sin Alerta,5,False,0.0,0.0
141,22.0,9.0,03:49,10.6,20:00,9.0,9.0,24,,,330020/2024/5,330020,2024,5,2024-05-22,Sin Alerta,False,0.0,0.0,Bajo 35,Sin Alerta,5,False,0.0,0.0
142,23.0,4.8,07:37,13.8,15:29,7.8,7.8,24,,,330020/2024/5,330020,2024,5,2024-05-23,Sin Alerta,False,0.0,0.0,Bajo 35,Sin Alerta,5,False,0.0,0.0
143,24.0,2.4,04:35,13.8,15:44,7.1,7.1,24,,,330020/2024/5,330020,2024,5,2024-05-24,Sin Alerta,False,0.0,0.0,Bajo 35,Sin Alerta,5,False,0.0,0.0
144,25.0,7.9,03:50,16.9,14:25,10.7,10.7,24,,,330020/2024/5,330020,2024,5,2024-05-25,Sin Alerta,False,0.0,0.0,Bajo 35,Sin Alerta,5,False,0.0,0.0
145,26.0,6.9,20:00,16.1,15:03,10.4,10.4,24,,,330020/2024/5,330020,2024,5,2024-05-26,Sin Alerta,False,0.0,0.0,Bajo 35,Sin Alerta,5,False,0.0,0.0
146,27.0,2.4,06:16,15.9,14:42,8.0,8.0,24,,,330020/2024/5,330020,2024,5,2024-05-27,Sin Alerta,False,0.0,0.0,Bajo 35,Sin Alerta,5,False,0.0,0.0
147,28.0,3.4,05:16,21.4,13:54,10.5,10.5,24,,,330020/2024/5,330020,2024,5,2024-05-28,Sin Alerta,False,0.0,0.0,Bajo 35,Sin Alerta,5,False,0.0,0.0
148,29.0,7.4,00:00,19.4,16:01,11.3,11.3,24,,,330020/2024/5,330020,2024,5,2024-05-29,Sin Alerta,False,0.0,0.0,Bajo 35,Sin Alerta,5,False,0.0,0.0
149,30.0,5.6,08:10,22.5,14:31,11.8,11.8,24,,,330020/2024/5,330020,2024,5,2024-05-30,Sin Alerta,False,0.0,0.0,Bajo 35,Sin Alerta,5,False,0.0,0.0
150,31.0,4.4,06:18,16.8,13:49,9.7,9.7,24,,,330020/2024/5,330020,2024,5,2024-05-31,Sin Alerta,False,0.0,0.0,Bajo 35,Sin Alerta,5,False,0.0,0.0
151,1.0,2.9,07:39,20.1,15:13,9.7,9.7,24,,,330020/2024/6,330020,2024,6,2024-06-01,Sin Alerta,False,0.0,0.0,Bajo 35,Sin Alerta,6,False,0.0,0.0
152,2.0,8.7,08:04,20.1,15:33,12.1,12.1,24,,,330020/2024/6,330020,2024,6,2024-06-02,Sin Alerta,False,0.0,0.0,Bajo 35,Sin Alerta,6,False,0.0,0.0
153,3.0,9.8,05:18,17.4,11:18,12.6,12.6,24,,,330020/2024/6,330020,2024,6,2024-06-03,Sin Alerta,False,0.0,0.0,Bajo 35,Sin Alerta,6,False,0.0,0.0
154,4.0,7.0,04:12,15.9,12:58,11.6,11.6,24,,,330020/2024/6,330020,2024,6,2024-06-04,Sin Alerta,False,0.0,0.0,Bajo 35,Sin Alerta,6,False,0.0,0.0
155,5.0,9.6,07:39,17.5,13:38,12.1,12.1,24,,,330020/2024/6,330020,2024,6,2024-06-05,Sin Alerta,False,0.0,0.0,Bajo 35,Sin Alerta,6,False,0.0,0.0
156,6.0,7.3,06:10,15.9,14:27,11.2,11.2,24,,,330020/2024/6,330020,2024,6,2024-06-06,Sin Alerta,False,0.0,0.0,Bajo 35,Sin Alerta,6,False,0.0,0.0
157,7.0,6.7,07:50,21.3,14:44,12.6,12.6,24,,,330020/2024/6,330020,2024,6,2024-06-07,Sin Alerta,False,0.0,0.0,Bajo 35,Sin Alerta,6,False,0.0,0.0
158,8.0,8.9,06:17,16.7,14:12,11.7,11.7,24,,,330020/2024/6,330020,2024,6,2024-06-08,Sin Alerta,False,0.0,0.0,Bajo 35,Sin Alerta,6,False,0.0,0.0
159,9.0,6.7,05:29,13.6,20:16,9.5,9.5,24,,,330020/2024/6,330020,2024,6,2024-06-09,Sin Alerta,False,0.0,0.0,Bajo 35,Sin Alerta,6,False,0.0,0.0
160,10.0,7.4,05:46,14.8,15:04,10.0,10.0,24,,,330020/2024/6,330020,2024,6,2024-06-10,Sin Alerta,False,0.0,0.0,Bajo 35,Sin Alerta,6,False,0.0,0.0
161,11.0,9.1,05:10,12.8,12:53,10.7,10.7,24,,,330020/2024/6,330020,2024,6,2024-06-11,Sin Alerta,False,0.0,0.0,Bajo 35,Sin Alerta,6,False,0.0,0.0
162,12.0,8.1,05:05,13.5,15:06,10.0,10.0,24,,,330020/2024/6,330020,2024,6,2024-06-12,Sin Alerta,False,0.0,0.0,Bajo 35,Sin Alerta,6,False,0.0,0.0
163,13.0,8.5,18:12,11.8,20:42,10.1,10.1,24,,,330020/2024/6,330020,2024,6,2024-06-13,Sin Alerta,False,0.0,0.0,Bajo 35,Sin Alerta,6,False,0.0,0.0
164,14.0,7.0,07:37,15.3,13:20,9.7,9.7,24,,,330020/2024/6,330020,2024,6,2024-06-14,Sin Alerta,False,0.0,0.0,Bajo 35,Sin Alerta,6,False,0.0,0.0
165,15.0,3.6,03:52,16.1,13:50,8.5,8.5,24,,,330020/2024/6,330020,2024,6,2024-06-15,Sin Alerta,False,0.0,0.0,Bajo 35,Sin Alerta,6,False,0.0,0.0
166,16.0,2.4,06:21,16.9,15:09,8.1,8.1,24,,,330020/2024/6,330020,2024,6,2024-06-16,Sin Alerta,False,0.0,0.0,Bajo 35,Sin Alerta,6,False,0.0,0.0
167,17.0,3.0,06:03,11.8,14:10,7.3,7.3,24,,,330020/2024/6,330020,2024,6,2024-06-17,Sin Alerta,False,0.0,0.0,Bajo 35,Sin Alerta,6,False,0.0,0.0
168,18.0,8.2,05:06,12.3,14:54,9.6,9.6,24,,,330020/2024/6,330020,2024,6,2024-06-18,Sin Alerta,False,0.0,0.0,Bajo 35,Sin Alerta,6,False,0.0,0.0
169,19.0,7.2,08:39,16.8,15:45,10.7,10.7,24,,,330020/2024/6,330020,2024,6,2024-06-19,Sin Alerta,False,0.0,0.0,Bajo 35,Sin Alerta,6,False,0.0,0.0
170,20.0,6.7,06:30,11.9,13:27,8.7,8.7,24,,,330020/2024/6,330020,2024,6,2024-06-20,Sin Alerta,False,0.0,0.0,Bajo 35,Sin Alerta,6,False,0.0,0.0
171,21.0,6.2,19:22,9.9,04:48,7.9,7.9,24,,,330020/2024/6,330020,2024,6,2024-06-21,Sin Alerta,False,0.0,0.0,Bajo 35,Sin Alerta,6,False,0.0,0.0
172,22.0,5.0,00:50,8.4,08:00,7.1,7.1,24,,,330020/2024/6,330020,2024,6,2024-06-22,Sin Alerta,False,0.0,0.0,Bajo 35,Sin Alerta,6,False,0.0,0.0
173,23.0,5.1,08:02,10.4,14:24,7.2,7.2,24,,,330020/2024/6,330020,2024,6,2024-06-23,Sin Alerta,False,0.0,0.0,Bajo 35,Sin Alerta,6,False,0.0,0.0
174,24.0,6.0,07:39,10.3,14:29,7.7,7.7,24,,,330020/2024/6,330020,2024,6,2024-06-24,Sin Alerta,False,0.0,0.0,Bajo 35,Sin Alerta,6,False,0.0,0.0
175,25.0,4.3,20:00,12.6,15:25,7.5,7.5,24,,,330020/2024/6,330020,2024,6,2024-06-25,Sin Alerta,False,0.0,0.0,Bajo 35,Sin Alerta,6,False,0.0,0.0
176,26.0,0.0,05:57,15.6,15:42,5.6,5.6,24,,,330020/2024/6,330020,2024,6,2024-06-26,Sin Alerta,False,0.0,0.0,Bajo 35,Sin Alerta,6,False,0.0,0.0
177,27.0,2.4,06:47,19.2,15:25,8.5,8.5,24,,,330020/2024/6,330020,2024,6,2024-06-27,Sin Alerta,False,0.0,0.0,Bajo 35,Sin Alerta,6,False,0.0,0.0
178,28.0,3.4,04:11,17.0,15:23,8.6,8.6,24,,,330020/2024/6,330020,2024,6,2024-06-28,Sin Alerta,False,0.0,0.0,Bajo 35,Sin Alerta,6,False,0.0,0.0
179,29.0,2.6,05:35,17.9,16:12,7.6,7.6,24,,,330020/2024/6,330020,2024,6,2024-06-29,Sin Alerta,False,0.0,0.0,Bajo 35,Sin Alerta,6,False,0.0,0.0
180,30.0,2.8,07:31,21.5,15:26,9.6,9.6,24,,,330020/2024/6,330020,2024,6,2024-06-30,Sin Alerta,False,0.0,0.0,Bajo 35,Sin Alerta,6,False,0.0,0.0
181,1.0,2.1,07:33,22.7,15:54,9.9,9.9,24,,,330020/2024/7,330020,2024,7,2024-07-01,Sin Alerta,False,0.0,0.0,Bajo 35,Sin Alerta,7,False,0.0,0.0
182,2.0,2.7,07:40,20.9,15:09,9.9,9.9,24,,,330020/2024/7,330020,2024,7,2024-07-02,Sin Alerta,False,0.0,0.0,Bajo 35,Sin Alerta,7,False,0.0,0.0
183,3.0,5.4,07:40,18.9,14:27,10.5,10.5,24,,,330020/2024/7,330020,2024,7,2024-07-03,Sin Alerta,False,0.0,0.0,Bajo 35,Sin Alerta,7,False,0.0,0.0
184,4.0,2.5,07:05,14.2,15:45,7.7,7.7,24,,,330020/2024/7,330020,2024,7,2024-07-04,Sin Alerta,False,0.0,0.0,Bajo 35,Sin Alerta,7,False,0.0,0.0
185,5.0,-0.8,07:09,18.5,16:12,6.1,6.1,24,,,330020/2024/7,330020,2024,7,2024-07-05,Sin Alerta,False,0.0,0.0,Bajo 35,Sin Alerta,7,False,0.0,0.0
186,6.0,0.1,07:40,15.3,15:33,6.3,6.3,24,,,330020/2024/7,330020,2024,7,2024-07-06,Sin Alerta,False,0.0,0.0,Bajo 35,Sin Alerta,7,False,0.0,0.0
187,7.0,-1.3,07:20,16.0,15:04,5.3,5.3,24,,,330020/2024/7,330020,2024,7,2024-07-07,Sin Alerta,False,0.0,0.0,Bajo 35,Sin Alerta,7,False,0.0,0.0
188,8.0,-0.9,06:35,17.5,15:06,5.7,5.7,24,,,330020/2024/7,330020,2024,7,2024-07-08,Sin Alerta,False,0.0,0.0,Bajo 35,Sin Alerta,7,False,0.0,0.0
189,9.0,-0.6,08:09,13.5,14:34,5.2,5.2,24,,,330020/2024/7,330020,2024,7,2024-07-09,Sin Alerta,False,0.0,0.0,Bajo 35,Sin Alerta,7,False,0.0,0.0
190,10.0,2.5,19:15,10.2,15:45,5.7,5.7,24,,,330020/2024/7,330020,2024,7,2024-07-10,Sin Alerta,False,0.0,0.0,Bajo 35,Sin Alerta,7,False,0.0,0.0
191,11.0,-1.0,05:24,13.5,15:34,4.6,4.6,24,,,330020/2024/7,330020,2024,7,2024-07-11,Sin Alerta,False,0.0,0.0,Bajo 35,Sin Alerta,7,False,0.0,0.0
192,12.0,-1.5,07:26,17.3,14:32,5.8,5.8,24,,,330020/2024/7,330020,2024,7,2024-07-12,Sin Alerta,False,0.0,0.0,Bajo 35,Sin Alerta,7,False,0.0,0.0
193,13.0,-1.4,07:36,17.9,15:15,6.0,6.0,24,,,330020/2024/7,330020,2024,7,2024-07-13,Sin Alerta,False,0.0,0.0,Bajo 35,Sin Alerta,7,False,0.0,0.0
194,14.0,-1.2,07:20,18.2,15:32,6.5,6.5,24,,,330020/2024/7,330020,2024,7,2024-07-14,Sin Alerta,False,0.0,0.0,Bajo 35,Sin Alerta,7,False,0.0,0.0
195,15.0,-0.8,07:40,19.2,13:29,6.7,6.7,24,,,330020/2024/7,330020,2024,7,2024-07-15,Sin Alerta,False,0.0,0.0,Bajo 35,Sin Alerta,7,False,0.0,0.0
196,16.0,2.3,06:56,21.6,15:26,9.8,9.8,24,,,330020/2024/7,330020,2024,7,2024-07-16,Sin Alerta,False,0.0,0.0,Bajo 35,Sin Alerta,7,False,0.0,0.0
197,17.0,2.2,07:03,20.8,14:44,9.8,9.8,24,,,330020/2024/7,330020,2024,7,2024-07-17,Sin Alerta,False,0.0,0.0,Bajo 35,Sin Alerta,7,False,0.0,0.0
198,18.0,6.6,03:36,14.7,13:29,10.5,10.5,24,,,330020/2024/7,330020,2024,7,2024-07-18,Sin Alerta,False,0.0,0.0,Bajo 35,Sin Alerta,7,False,0.0,0.0
199,19.0,5.8,06:58,17.7,15:05,10.2,10.2,24,,,330020/2024/7,330020,2024,7,2024-07-19,Sin Alerta,False,0.0,0.0,Bajo 35,Sin Alerta,7,False,0.0,0.0
200,20.0,2.5,07:33,14.8,14:26,7.5,7.5,24,,,330020/2024/7,330020,2024,7,2024-07-20,Sin Alerta,False,0.0,0.0,Bajo 35,Sin Alerta,7,False,0.0,0.0
201,21.0,7.6,20:01,16.4,14:17,10.1,10.1,24,,,330020/2024/7,330020,2024,7,2024-07-21,Sin Alerta,False,0.0,0.0,Bajo 35,Sin Alerta,7,False,0.0,0.0
202,22.0,1.5,07:37,20.5,16:08,9.1,9.1,24,,,330020/2024/7,330020,2024,7,2024-07-22,Sin Alerta,False,0.0,0.0,Bajo 35,Sin Alerta,7,False,0.0,0.0
203,23.0,3.1,06:01,11.5,15:25,7.6,7.6,24,,,330020/2024/7,330020,2024,7,2024-07-23,Sin Alerta,False,0.0,0.0,Bajo 35,Sin Alerta,7,False,0.0,0.0
204,24.0,2.1,07:28,19.8,16:02,8.5,8.5,24,,,330020/2024/7,330020,2024,7,2024-07-24,Sin Alerta,False,0.0,0.0,Bajo 35,Sin Alerta,7,False,0.0,0.0
205,25.0,2.4,04:35,19.5,15:43,9.4,9.4,24,,,330020/2024/7,330020,2024,7,2024-07-25,Sin Alerta,False,0.0,0.0,Bajo 35,Sin Alerta,7,False,0.0,0.0
206,26.0,1.8,07:16,15.1,14:44,7.8,7.8,24,,,330020/2024/7,330020,2024,7,2024-07-26,Sin Alerta,False,0.0,0.0,Bajo 35,Sin Alerta,7,False,0.0,0.0
207,27.0,1.2,06:36,18.4,16:13,8.2,8.2,24,,,330020/2024/7,330020,2024,7,2024-07-27,Sin Alerta,False,0.0,0.0,Bajo 35,Sin Alerta,7,False,0.0,0.0
208,28.0,-0.3,07:22,19.5,15:33,7.8,7.8,24,,,330020/2024/7,330020,2024,7,2024-07-28,Sin Alerta,False,0.0,0.0,Bajo 35,Sin Alerta,7,False,0.0,0.0
209,29.0,1.8,06:22,25.6,14:48,10.4,10.4,24,,,330020/2024/7,330020,2024,7,2024-07-29,Sin Alerta,False,0.0,0.0,Bajo 35,Sin Alerta,7,False,0.0,0.0
210,30.0,8.7,00:21,16.6,14:14,11.4,11.4,24,,,330020/2024/7,330020,2024,7,2024-07-30,Sin Alerta,False,0.0,0.0,Bajo 35,Sin Alerta,7,False,0.0,0.0
211,31.0,9.0,04:15,12.9,15:45,10.5,10.5,24,,,330020/2024/7,330020,2024,7,2024-07-31,Sin Alerta,False,0.0,0.0,Bajo 35,Sin Alerta,7,False,0.0,0.0
212,1.0,7.6,07:07,11.0,20:00,9.6,9.6,24,,,330020/2024/8,330020,2024,8,2024-08-01,Sin Alerta,False,0.0,0.0,Bajo 35,Sin Alerta,8,False,0.0,0.0
213,2.0,6.4,09:14,16.1,01:15,9.1,9.1,24,,,330020/2024/8,330020,2024,8,2024-08-02,Sin Alerta,False,0.0,0.0,Bajo 35,Sin Alerta,8,False,0.0,0.0
214,3.0,4.1,06:43,16.0,15:51,8.5,8.5,24,,,330020/2024/8,330020,2024,8,2024-08-03,Sin Alerta,False,0.0,0.0,Bajo 35,Sin Alerta,8,False,0.0,0.0
215,4.0,6.0,06:25,16.8,15:29,9.6,9.6,24,,,330020/2024/8,330020,2024,8,2024-08-04,Sin Alerta,False,0.0,0.0,Bajo 35,Sin Alerta,8,False,0.0,0.0
216,5.0,7.1,19:43,12.0,20:02,8.7,8.7,24,,,330020/2024/8,330020,2024,8,2024-08-05,Sin Alerta,False,0.0,0.0,Bajo 35,Sin Alerta,8,False,0.0,0.0
217,6.0,4.3,07:49,12.5,15:53,7.7,7.7,24,,,330020/2024/8,330020,2024,8,2024-08-06,Sin Alerta,False,0.0,0.0,Bajo 35,Sin Alerta,8,False,0.0,0.0
218,7.0,2.0,03:42,12.1,14:35,6.6,6.6,24,,,330020/2024/8,330020,2024,8,2024-08-07,Sin Alerta,False,0.0,0.0,Bajo 35,Sin Alerta,8,False,0.0,0.0
219,8.0,-0.7,07:17,16.0,15:55,6.6,6.6,24,,,330020/2024/8,330020,2024,8,2024-08-08,Sin Alerta,False,0.0,0.0,Bajo 35,Sin Alerta,8,False,0.0,0.0
220,9.0,-0.2,07:20,20.5,15:09,8.0,8.0,24,,,330020/2024/8,330020,2024,8,2024-08-09,Sin Alerta,False,0.0,0.0,Bajo 35,Sin Alerta,8,False,0.0,0.0
221,10.0,3.0,07:38,21.1,15:46,10.6,10.6,24,,,330020/2024/8,330020,2024,8,2024-08-10,Sin Alerta,False,0.0,0.0,Bajo 35,Sin Alerta,8,False,0.0,0.0
222,11.0,3.0,07:28,22.9,15:23,10.8,10.8,24,,,330020/2024/8,330020,2024,8,2024-08-11,Sin Alerta,False,0.0,0.0,Bajo 35,Sin Alerta,8,False,0.0,0.0
223,12.0,4.4,07:07,25.8,14:54,13.0,13.0,24,,,330020/2024/8,330020,2024,8,2024-08-12,Sin Alerta,False,0.0,0.0,Bajo 35,Sin Alerta,8,False,0.0,0.0
224,13.0,6.0,07:26,23.5,13:40,13.2,13.2,24,,,330020/2024/8,330020,2024,8,2024-08-13,Sin Alerta,False,0.0,0.0,Bajo 35,Sin Alerta,8,False,0.0,0.0
225,14.0,8.9,05:54,14.8,15:07,11.2,11.2,24,,,330020/2024/8,330020,2024,8,2024-08-14,Sin Alerta,False,0.0,0.0,Bajo 35,Sin Alerta,8,False,0.0,0.0
226,15.0,5.7,03:41,15.5,15:43,10.1,10.1,24,,,330020/2024/8,330020,2024,8,2024-08-15,Sin Alerta,False,0.0,0.0,Bajo 35,Sin Alerta,8,False,0.0,0.0
227,16.0,7.0,00:28,13.5,14:51,10.2,10.2,24,,,330020/2024/8,330020,2024,8,2024-08-16,Sin Alerta,False,0.0,0.0,Bajo 35,Sin Alerta,8,False,0.0,0.0
228,17.0,6.0,07:19,17.0,14:22,10.2,10.2,24,,,330020/2024/8,330020,2024,8,2024-08-17,Sin Alerta,False,0.0,0.0,Bajo 35,Sin Alerta,8,False,0.0,0.0
229,18.0,5.7,06:54,12.1,12:59,9.0,9.0,24,,,330020/2024/8,330020,2024,8,2024-08-18,Sin Alerta,False,0.0,0.0,Bajo 35,Sin Alerta,8,False,0.0,0.0
230,19.0,5.0,06:25,11.7,15:25,8.0,8.0,24,,,330020/2024/8,330020,2024,8,2024-08-19,Sin Alerta,False,0.0,0.0,Bajo 35,Sin Alerta,8,False,0.0,0.0
231,20.0,5.4,20:00,11.2,15:06,7.8,7.8,24,,,330020/2024/8,330020,2024,8,2024-08-20,Sin Alerta,False,0.0,0.0,Bajo 35,Sin Alerta,8,False,0.0,0.0
232,21.0,1.1,06:02,13.9,14:29,6.9,6.9,24,,,330020/2024/8,330020,2024,8,2024-08-21,Sin Alerta,False,0.0,0.0,Bajo 35,Sin Alerta,8,False,0.0,0.0
233,22.0,0.7,07:26,13.0,14:03,7.4,7.4,24,,,330020/2024/8,330020,2024,8,2024-08-22,Sin Alerta,False,0.0,0.0,Bajo 35,Sin Alerta,8,False,0.0,0.0
234,23.0,2.7,04:26,12.8,15:38,7.7,7.7,24,,,330020/2024/8,330020,2024,8,2024-08-23,Sin Alerta,False,0.0,0.0,Bajo 35,Sin Alerta,8,False,0.0,0.0
235,24.0,-0.9,07:21,20.5,15:57,7.5,7.5,24,,,330020/2024/8,330020,2024,8,2024-08-24,Sin Alerta,False,0.0,0.0,Bajo 35,Sin Alerta,8,False,0.0,0.0
236,25.0,2.9,05:24,23.4,15:54,11.4,11.4,24,,,330020/2024/8,330020,2024,8,2024-08-25,Sin Alerta,False,0.0,0.0,Bajo 35,Sin Alerta,8,False,0.0,0.0
237,26.0,1.8,06:48,19.9,14:50,10.2,10.2,24,,,330020/2024/8,330020,2024,8,2024-08-26,Sin Alerta,False,0.0,0.0,Bajo 35,Sin Alerta,8,False,0.0,0.0
238,27.0,2.2,06:03,21.9,15:45,10.5,10.5,24,,,330020/2024/8,330020,2024,8,2024-08-27,Sin Alerta,False,0.0,0.0,Bajo 35,Sin Alerta,8,False,0.0,0.0
239,28.0,4.1,07:36,16.2,13:58,10.2,10.2,24,,,330020/2024/8,330020,2024,8,2024-08-28,Sin Alerta,False,0.0,0.0,Bajo 35,Sin Alerta,8,False,0.0,0.0
240,29.0,7.6,00:01,9.7,17:15,8.4,8.4,24,,,330020/2024/8,330020,2024,8,2024-08-29,Sin Alerta,False,0.0,0.0,Bajo 35,Sin Alerta,8,False,0.0,0.0
241,30.0,7.7,05:29,16.1,14:59,10.3,10.3,24,,,330020/2024/8,330020,2024,8,2024-08-30,Sin Alerta,False,0.0,0.0,Bajo 35,Sin Alerta,8,False,0.0,0.0
242,31.0,2.1,07:15,22.5,16:01,10.5,10.5,24,,,330020/2024/8,330020,2024,8,2024-08-31,Sin Alerta,False,0.0,0.0,Bajo 35,Sin Alerta,8,False,0.0,0.0
243,1.0,4.1,07:19,27.2,14:57,13.9,13.9,24,,,330020/2024/9,330020,2024,9,2024-09-01,Sin Alerta,False,0.0,0.0,Bajo 35,Sin Alerta,9,False,0.0,0.0
244,2.0,6.6,07:08,17.4,12:52,13.2,13.2,24,,,330020/2024/9,330020,2024,9,2024-09-02,Sin Alerta,False,0.0,0.0,Bajo 35,Sin Alerta,9,False,0.0,0.0
245,3.0,7.2,00:12,16.7,15:39,11.7,11.7,24,,,330020/2024/9,330020,2024,9,2024-09-03,Sin Alerta,False,0.0,0.0,Bajo 35,Sin Alerta,9,False,0.0,0.0
246,4.0,1.5,06:51,22.7,16:25,10.5,10.5,24,,,330020/2024/9,330020,2024,9,2024-09-04,Sin Alerta,False,0.0,0.0,Bajo 35,Sin Alerta,9,False,0.0,0.0
247,5.0,3.5,06:17,25.7,15:46,12.9,12.9,24,,,330020/2024/9,330020,2024,9,2024-09-05,Sin Alerta,False,0.0,0.0,Bajo 35,Sin Alerta,9,False,0.0,0.0
248,6.0,7.5,07:04,21.0,08:00,13.4,13.4,24,,,330020/2024/9,330020,2024,9,2024-09-06,Sin Alerta,False,0.0,0.0,Bajo 35,Sin Alerta,9,False,0.0,0.0
249,7.0,5.4,06:43,18.8,14:57,11.5,11.5,24,,,330020/2024/9,330020,2024,9,2024-09-07,Sin Alerta,False,0.0,0.0,Bajo 35,Sin Alerta,9,False,0.0,0.0
250,8.0,5.8,07:59,21.3,17:37,12.2,12.2,24,,,330020/2024/9,330020,2024,9,2024-09-08,Sin Alerta,False,0.0,0.0,Bajo 35,Sin Alerta,9,False,0.0,0.0
251,9.0,7.2,08:08,24.9,16:00,15.1,15.1,24,,,330020/2024/9,330020,2024,9,2024-09-09,Sin Alerta,False,0.0,0.0,Bajo 35,Sin Alerta,9,False,0.0,0.0
252,10.0,7.2,06:55,19.9,15:07,13.8,13.8,24,,,330020/2024/9,330020,2024,9,2024-09-10,Sin Alerta,False,0.0,0.0,Bajo 35,Sin Alerta,9,False,0.0,0.0
253,11.0,5.8,07:18,21.5,16:26,13.5,13.5,24,,,330020/2024/9,330020,2024,9,2024-09-11,Sin Alerta,False,0.0,0.0,Bajo 35,Sin Alerta,9,False,0.0,0.0
254,12.0,7.2,07:14,19.9,15:06,12.5,12.5,24,,,330020/2024/9,330020,2024,9,2024-09-12,Sin Alerta,False,0.0,0.0,Bajo 35,Sin Alerta,9,False,0.0,0.0
255,13.0,5.7,05:01,20.5,16:43,12.1,12.1,24,,,330020/2024/9,330020,2024,9,2024-09-13,Sin Alerta,False,0.0,0.0,Bajo 35,Sin Alerta,9,False,0.0,0.0
256,14.0,4.5,07:47,25.4,16:26,13.6,13.6,24,,,330020/2024/9,330020,2024,9,2024-09-14,Sin Alerta,False,0.0,0.0,Bajo 35,Sin Alerta,9,False,0.0,0.0
257,15.0,4.9,06:38,26.2,16:39,14.8,14.8,24,,,330020/2024/9,330020,2024,9,2024-09-15,Sin Alerta,False,0.0,0.0,Bajo 35,Sin Alerta,9,False,0.0,0.0
258,16.0,5.8,05:52,27.9,15:59,15.2,15.2,24,,,330020/2024/9,330020,2024,9,2024-09-16,Sin Alerta,False,0.0,0.0,Bajo 35,Sin Alerta,9,False,0.0,0.0
259,17.0,6.2,07:58,22.2,17:04,15.2,15.2,24,,,330020/2024/9,330020,2024,9,2024-09-17,Sin Alerta,False,0.0,0.0,Bajo 35,Sin Alerta,9,False,0.0,0.0
260,18.0,7.9,05:19,21.6,15:16,13.4,13.4,24,,,330020/2024/9,330020,2024,9,2024-09-18,Sin Alerta,False,0.0,0.0,Bajo 35,Sin Alerta,9,False,0.0,0.0
261,19.0,5.7,07:39,19.9,16:20,12.1,12.1,24,,,330020/2024/9,330020,2024,9,2024-09-19,Sin Alerta,False,0.0,0.0,Bajo 35,Sin Alerta,9,False,0.0,0.0
262,20.0,5.5,04:14,17.4,15:58,10.5,10.5,24,,,330020/2024/9,330020,2024,9,2024-09-20,Sin Alerta,False,0.0,0.0,Bajo 35,Sin Alerta,9,False,0.0,0.0
263,21.0,7.5,05:29,18.5,16:36,11.9,11.9,24,,,330020/2024/9,330020,2024,9,2024-09-21,Sin Alerta,False,0.0,0.0,Bajo 35,Sin Alerta,9,False,0.0,0.0
264,22.0,7.9,08:20,13.0,16:51,10.1,10.1,24,,,330020/2024/9,330020,2024,9,2024-09-22,Sin Alerta,False,0.0,0.0,Bajo 35,Sin Alerta,9,False,0.0,0.0
265,23.0,8.9,05:26,16.7,17:04,11.8,11.8,24,,,330020/2024/9,330020,2024,9,2024-09-23,Sin Alerta,False,0.0,0.0,Bajo 35,Sin Alerta,9,False,0.0,0.0
266,24.0,3.9,07:17,20.1,16:56,11.4,11.4,24,,,330020/2024/9,330020,2024,9,2024-09-24,Sin Alerta,False,0.0,0.0,Bajo 35,Sin Alerta,9,False,0.0,0.0
267,25.0,3.8,07:43,20.8,17:08,11.6,11.6,24,,,330020/2024/9,330020,2024,9,2024-09-25,Sin Alerta,False,0.0,0.0,Bajo 35,Sin Alerta,9,False,0.0,0.0
268,26.0,3.5,06:59,28.0,15:34,14.2,14.2,24,,,330020/2024/9,330020,2024,9,2024-09-26,Sin Alerta,False,0.0,0.0,Bajo 35,Sin Alerta,9,False,0.0,0.0
269,27.0,6.6,06:39,24.8,16:38,15.5,15.5,24,,,330020/2024/9,330020,2024,9,2024-09-27,Sin Alerta,False,0.0,0.0,Bajo 35,Sin Alerta,9,False,0.0,0.0
270,28.0,10.5,07:31,27.1,16:28,18.1,18.1,24,,,330020/2024/9,330020,2024,9,2024-09-28,Sin Alerta,False,0.0,0.0,Bajo 35,Sin Alerta,9,False,0.0,0.0
271,29.0,8.4,06:07,20.1,21:02,14.2,14.2,24,,,330020/2024/9,330020,2024,9,2024-09-29,Sin Alerta,False,0.0,0.0,Bajo 35,Sin Alerta,9,False,0.0,0.0
272,30.0,9.3,04:03,19.3,16:18,12.6,12.6,24,,,330020/2024/9,330020,2024,9,2024-09-30,Sin Alerta,False,0.0,0.0,Bajo 35,Sin Alerta,9,False,0.0,0.0
273,1.0,6.4,02:03,18.8,15:51,12.2,12.2,24,,,330020/2024/10,330020,2024,10,2024-10-01,Sin Alerta,False,0.0,0.0,Bajo 35,Sin Alerta,10,False,0.0,0.0
274,2.0,5.3,06:45,22.5,16:19,13.4,13.4,24,,,330020/2024/10,330020,2024,10,2024-10-02,Sin Alerta,False,0.0,0.0,Bajo 35,Sin Alerta,10,False,0.0,0.0
275,3.0,6.4,07:42,28.1,16:26,15.8,15.8,24,,,330020/2024/10,330020,2024,10,2024-10-03,Sin Alerta,False,0.0,0.0,Bajo 35,Sin Alerta,10,False,0.0,0.0
276,4.0,8.9,06:54,28.2,14:21,17.6,17.6,24,,,330020/2024/10,330020,2024,10,2024-10-04,Sin Alerta,False,0.0,0.0,Bajo 35,Sin Alerta,10,False,0.0,0.0
277,5.0,7.7,07:15,28.8,16:17,17.6,17.6,24,,,330020/2024/10,330020,2024,10,2024-10-05,Sin Alerta,False,0.0,0.0,Bajo 35,Sin Alerta,10,False,0.0,0.0
278,6.0,16.1,03:31,23.1,11:39,19.0,19.0,24,,,330020/2024/10,330020,2024,10,2024-10-06,Sin Alerta,False,0.0,0.0,Bajo 35,Sin Alerta,10,False,0.0,0.0
279,7.0,13.0,07:39,24.8,13:55,17.2,17.2,24,,,330020/2024/10,330020,2024,10,2024-10-07,Sin Alerta,False,0.0,0.0,Bajo 35,Sin Alerta,10,False,0.0,0.0
280,8.0,10.9,05:58,14.8,21:03,12.4,12.4,24,,,330020/2024/10,330020,2024,10,2024-10-08,Sin Alerta,False,0.0,0.0,Bajo 35,Sin Alerta,10,False,0.0,0.0
281,9.0,8.1,07:32,22.6,15:40,14.0,14.0,24,,,330020/2024/10,330020,2024,10,2024-10-09,Sin Alerta,False,0.0,0.0,Bajo 35,Sin Alerta,10,False,0.0,0.0
282,10.0,8.5,07:22,21.1,13:57,14.2,14.2,24,,,330020/2024/10,330020,2024,10,2024-10-10,Sin Alerta,False,0.0,0.0,Bajo 35,Sin Alerta,10,False,0.0,0.0
283,11.0,11.2,07:50,18.2,15:28,13.5,13.5,24,,,330020/2024/10,330020,2024,10,2024-10-11,Sin Alerta,False,0.0,0.0,Bajo 35,Sin Alerta,10,False,0.0,0.0
284,12.0,11.8,07:28,18.8,16:07,14.8,14.8,24,,,330020/2024/10,330020,2024,10,2024-10-12,Sin Alerta,False,0.0,0.0,Bajo 35,Sin Alerta,10,False,0.0,0.0
285,13.0,6.8,07:12,25.0,15:04,15.6,15.6,24,,,330020/2024/10,330020,2024,10,2024-10-13,Sin Alerta,False,0.0,0.0,Bajo 35,Sin Alerta,10,False,0.0,0.0
286,14.0,8.2,04:32,24.7,17:00,15.7,15.7,24,,,330020/2024/10,330020,2024,10,2024-10-14,Sin Alerta,False,0.0,0.0,Bajo 35,Sin Alerta,10,False,0.0,0.0
287,15.0,8.2,06:55,30.7,16:17,17.4,17.4,24,,,330020/2024/10,330020,2024,10,2024-10-15,Verde Temprana Preventiva,False,0.0,0.0,Bajo 35,Sin Alerta,10,False,0.0,0.0
288,16.0,8.6,07:28,21.7,12:32,16.0,16.0,24,,,330020/2024/10,330020,2024,10,2024-10-16,Sin Alerta,False,0.0,0.0,Bajo 35,Sin Alerta,10,False,0.0,0.0
289,17.0,5.9,06:15,29.6,16:23,15.6,15.6,24,,,330020/2024/10,330020,2024,10,2024-10-17,Sin Alerta,False,0.0,0.0,Bajo 35,Sin Alerta,10,False,0.0,0.0
290,18.0,9.3,06:52,31.6,16:01,19.6,19.6,24,,,330020/2024/10,330020,2024,10,2024-10-18,Verde Temprana Preventiva,False,0.0,0.0,Bajo 35,Sin Alerta,10,False,0.0,0.0
291,19.0,10.6,06:59,24.3,11:40,17.0,17.0,24,,,330020/2024/10,330020,2024,10,2024-10-19,Sin Alerta,False,0.0,0.0,Bajo 35,Sin Alerta,10,False,0.0,0.0
292,20.0,10.2,06:51,20.6,15:07,13.9,13.9,24,,,330020/2024/10,330020,2024,10,2024-10-20,Sin Alerta,False,0.0,0.0,Bajo 35,Sin Alerta,10,False,0.0,0.0
293,21.0,8.3,07:04,26.1,17:16,16.5,16.5,24,,,330020/2024/10,330020,2024,10,2024-10-21,Sin Alerta,False,0.0,0.0,Bajo 35,Sin Alerta,10,False,0.0,0.0
294,22.0,10.0,06:20,26.2,13:18,16.7,16.7,24,,,330020/2024/10,330020,2024,10,2024-10-22,Sin Alerta,False,0.0,0.0,Bajo 35,Sin Alerta,10,False,0.0,0.0
295,23.0,10.9,06:42,20.9,15:46,14.5,14.5,24,,,330020/2024/10,330020,2024,10,2024-10-23,Sin Alerta,False,0.0,0.0,Bajo 35,Sin Alerta,10,False,0.0,0.0
296,24.0,7.3,06:54,28.5,15:41,16.9,16.9,24,,,330020/2024/10,330020,2024,10,2024-10-24,Sin Alerta,False,0.0,0.0,Bajo 35,Sin Alerta,10,False,0.0,0.0
297,25.0,8.6,06:22,26.4,17:11,16.4,16.4,24,,,330020/2024/10,330020,2024,10,2024-10-25,Sin Alerta,False,0.0,0.0,Bajo 35,Sin Alerta,10,False,0.0,0.0
298,26.0,7.9,06:41,32.2,15:40,19.4,19.4,24,,,330020/2024/10,330020,2024,10,2024-10-26,Verde Temprana Preventiva,False,0.0,0.0,Bajo 35,Sin Alerta,10,False,0.0,0.0
299,27.0,9.0,07:08,30.5,16:01,19.6,19.6,24,,,330020/2024/10,330020,2024,10,2024-10-27,Verde Temprana Preventiva,False,0.0,0.0,Bajo 35,Sin Alerta,10,False,0.0,0.0
300,28.0,11.7,05:22,34.3,14:49,21.7,21.7,24,,,330020/2024/10,330020,2024,10,2024-10-28,Verde Temprana Preventiva,True,1.0,1.0,Bajo 35,Sin Alerta,10,True,1.0,1.0
301,29.0,12.1,07:12,24.4,16:19,18.4,18.4,24,,,330020/2024/10,330020,2024,10,2024-10-29,Sin Alerta,False,1.0,1.0,Bajo 35,Sin Alerta,10,False,1.0,1.0
302,30.0,11.5,03:16,26.9,15:45,17.8,17.8,24,,,330020/2024/10,330020,2024,10,2024-10-30,Sin Alerta,False,0.0,1.0,Bajo 35,Sin Alerta,10,False,0.0,1.0
303,31.0,11.5,05:13,27.5,15:11,18.5,18.5,24,,,330020/2024/10,330020,2024,10,2024-10-31,Sin Alerta,False,0.0,0.0,Bajo 35,Sin Alerta,10,False,0.0,0.0
304,1.0,11.0,02:56,21.4,18:12,14.3,14.3,24,,,330020/2024/11,330020,2024,11,2024-11-01,Sin Alerta,False,0.0,0.0,Bajo 35,Alerta Temprana Preventiva,11,False,0.0,0.0
305,2.0,6.8,06:45,27.5,16:03,15.7,15.7,24,,,330020/2024/11,330020,2024,11,2024-11-02,Sin Alerta,False,0.0,0.0,Bajo 35,Alerta Temprana Preventiva,11,False,0.0,0.0
306,3.0,11.0,20:59,22.2,14:11,16.6,16.6,24,,,330020/2024/11,330020,2024,11,2024-11-03,Sin Alerta,False,0.0,0.0,Bajo 35,Alerta Temprana Preventiva,11,False,0.0,0.0
307,4.0,4.7,06:50,25.8,16:57,14.0,14.0,24,,,330020/2024/11,330020,2024,11,2024-11-04,Sin Alerta,False,0.0,0.0,Bajo 35,Alerta Temprana Preventiva,11,False,0.0,0.0
308,5.0,7.0,06:53,28.8,16:50,17.6,17.6,24,,,330020/2024/11,330020,2024,11,2024-11-05,Sin Alerta,False,0.0,0.0,Bajo 35,Alerta Temprana Preventiva,11,False,0.0,0.0
309,6.0,10.9,06:40,29.3,17:10,19.3,19.3,24,,,330020/2024/11,330020,2024,11,2024-11-06,Sin Alerta,False,0.0,0.0,Bajo 35,Alerta Temprana Preventiva,11,False,0.0,0.0
310,7.0,10.4,06:46,26.2,18:32,19.2,19.2,24,,,330020/2024/11,330020,2024,11,2024-11-07,Sin Alerta,False,0.0,0.0,Bajo 35,Alerta Temprana Preventiva,11,False,0.0,0.0
311,8.0,10.9,06:44,31.3,15:39,20.7,20.7,24,,,330020/2024/11,330020,2024,11,2024-11-08,Verde Temprana Preventiva,False,0.0,0.0,Bajo 35,Alerta Temprana Preventiva,11,False,0.0,0.0
312,9.0,12.0,06:59,29.6,16:17,21.2,21.2,24,,,330020/2024/11,330020,2024,11,2024-11-09,Sin Alerta,False,0.0,0.0,Bajo 35,Alerta Temprana Preventiva,11,False,0.0,0.0
313,10.0,11.8,07:20,24.8,16:13,17.6,17.6,24,,,330020/2024/11,330020,2024,11,2024-11-10,Sin Alerta,False,0.0,0.0,Bajo 35,Alerta Temprana Preventiva,11,False,0.0,0.0
314,11.0,9.6,06:34,28.2,16:23,18.7,18.7,24,,,330020/2024/11,330020,2024,11,2024-11-11,Sin Alerta,False,0.0,0.0,Bajo 35,Alerta Temprana Preventiva,11,False,0.0,0.0
315,12.0,10.1,06:27,32.2,16:03,20.9,20.9,24,,,330020/2024/11,330020,2024,11,2024-11-12,Verde Temprana Preventiva,False,0.0,0.0,Bajo 35,Alerta Temprana Preventiva,11,False,0.0,0.0
316,13.0,12.2,06:54,29.1,13:03,21.5,21.5,24,,,330020/2024/11,330020,2024,11,2024-11-13,Sin Alerta,False,0.0,0.0,Bajo 35,Alerta Temprana Preventiva,11,False,0.0,0.0
317,14.0,10.9,05:44,28.0,15:52,18.7,18.7,24,,,330020/2024/11,330020,2024,11,2024-11-14,Sin Alerta,False,0.0,0.0,Bajo 35,Alerta Temprana Preventiva,11,False,0.0,0.0
318,15.0,10.1,06:20,25.7,16:04,17.6,17.6,24,,,330020/2024/11,330020,2024,11,2024-11-15,Sin Alerta,False,0.0,0.0,Bajo 35,Alerta Temprana Preventiva,11,False,0.0,0.0
319,16.0,11.7,05:26,18.7,21:00,15.8,15.8,24,,,330020/2024/11,330020,2024,11,2024-11-16,Sin Alerta,False,0.0,0.0,Bajo 35,Alerta Temprana Preventiva,11,False,0.0,0.0
320,17.0,12.5,06:17,26.3,15:48,17.4,17.4,24,,,330020/2024/11,330020,2024,11,2024-11-17,Sin Alerta,False,0.0,0.0,Bajo 35,Alerta Temprana Preventiva,11,False,0.0,0.0
321,18.0,9.1,05:39,27.9,15:57,18.2,18.2,24,,,330020/2024/11,330020,2024,11,2024-11-18,Sin Alerta,False,0.0,0.0,Bajo 35,Alerta Temprana Preventiva,11,False,0.0,0.0
322,19.0,9.3,07:03,26.3,16:31,17.6,17.6,24,,,330020/2024/11,330020,2024,11,2024-11-19,Sin Alerta,False,0.0,0.0,Bajo 35,Alerta Temprana Preventiva,11,False,0.0,0.0
323,20.0,11.6,05:28,26.5,17:49,17.8,17.8,24,,,330020/2024/11,330020,2024,11,2024-11-20,Sin Alerta,False,0.0,0.0,Bajo 35,Alerta Temprana Preventiva,11,False,0.0,0.0
324,21.0,10.4,06:41,29.3,14:40,19.3,19.3,24,,,330020/2024/11,330020,2024,11,2024-11-21,Sin Alerta,False,0.0,0.0,Bajo 35,Alerta Temprana Preventiva,11,False,0.0,0.0
325,22.0,9.8,06:48,28.0,16:21,18.9,18.9,24,,,330020/2024/11,330020,2024,11,2024-11-22,Sin Alerta,False,0.0,0.0,Bajo 35,Alerta Temprana Preventiva,11,False,0.0,0.0
326,23.0,10.7,06:46,30.5,16:43,20.3,20.3,24,,,330020/2024/11,330020,2024,11,2024-11-23,Verde Temprana Preventiva,False,0.0,0.0,Bajo 35,Alerta Temprana Preventiva,11,False,0.0,0.0
327,24.0,11.4,06:08,29.6,16:18,20.6,20.6,24,,,330020/2024/11,330020,2024,11,2024-11-24,Sin Alerta,False,0.0,0.0,Bajo 35,Alerta Temprana Preventiva,11,False,0.0,0.0
328,25.0,11.4,06:26,28.1,16:39,20.5,20.5,24,,,330020/2024/11,330020,2024,11,2024-11-25,Sin Alerta,False,0.0,0.0,Bajo 35,Alerta Temprana Preventiva,11,False,0.0,0.0
329,26.0,9.2,06:18,27.7,16:20,18.9,18.9,24,,,330020/2024/11,330020,2024,11,2024-11-26,Sin Alerta,False,0.0,0.0,Bajo 35,Alerta Temprana Preventiva,11,False,0.0,0.0
330,27.0,9.1,06:04,26.1,16:03,17.5,17.5,24,,,330020/2024/11,330020,2024,11,2024-11-27,Sin Alerta,False,0.0,0.0,Bajo 35,Alerta Temprana Preventiva,11,False,0.0,0.0
331,28.0,7.6,06:35,27.2,16:33,17.2,17.2,24,,,330020/2024/11,330020,2024,11,2024-11-28,Sin Alerta,False,0.0,0.0,Bajo 35,Alerta Temprana Preventiva,11,False,0.0,0.0
332,29.0,9.4,06:19,29.5,16:00,19.8,19.8,24,,,330020/2024/11,330020,2024,11,2024-11-29,Sin Alerta,False,0.0,0.0,Bajo 35,Alerta Temprana Preventiva,11,False,0.0,0.0
333,30.0,9.3,06:29,27.8,15:26,19.1,19.1,24,,,330020/2024/11,330020,2024,11,2024-11-30,Sin Alerta,False,0.0,0.0,Bajo 35,Alerta Temprana Preventiva,11,False,0.0,0.0
334,1.0,9.5,02:44,25.4,16:46,15.7,15.7,24,,,330020/2024/12,330020,2024,12,2024-12-01,Sin Alerta,False,0.0,0.0,Bajo 35,Alerta Temprana Preventiva,12,False,0.0,0.0
335,2.0,9.1,06:10,27.5,16:45,18.5,18.5,24,,,330020/2024/12,330020,2024,12,2024-12-02,Sin Alerta,False,0.0,0.0,Bajo 35,Alerta Temprana Preventiva,12,False,0.0,0.0
336,3.0,8.7,06:22,27.6,15:29,18.3,18.3,24,,,330020/2024/12,330020,2024,12,2024-12-03,Sin Alerta,False,0.0,0.0,Bajo 35,Alerta Temprana Preventiva,12,False,0.0,0.0
337,4.0,9.9,07:02,26.1,15:14,17.3,17.3,24,,,330020/2024/12,330020,2024,12,2024-12-04,Sin Alerta,False,0.0,0.0,Bajo 35,Alerta Temprana Preventiva,12,False,0.0,0.0
338,5.0,8.9,05:48,23.3,16:28,14.6,14.6,24,,,330020/2024/12,330020,2024,12,2024-12-05,Sin Alerta,False,0.0,0.0,Bajo 35,Alerta Temprana Preventiva,12,False,0.0,0.0
339,6.0,7.6,06:21,26.9,17:29,16.8,16.8,24,,,330020/2024/12,330020,2024,12,2024-12-06,Sin Alerta,False,0.0,0.0,Bajo 35,Alerta Temprana Preventiva,12,False,0.0,0.0
340,7.0,9.8,06:52,28.3,15:43,18.9,18.9,24,,,330020/2024/12,330020,2024,12,2024-12-07,Sin Alerta,False,0.0,0.0,Bajo 35,Alerta Temprana Preventiva,12,False,0.0,0.0
341,8.0,7.9,06:32,26.4,16:44,17.5,17.5,24,,,330020/2024/12,330020,2024,12,2024-12-08,Sin Alerta,False,0.0,0.0,Bajo 35,Alerta Temprana Preventiva,12,False,0.0,0.0
342,9.0,7.7,06:21,31.0,16:09,18.9,18.9,24,,,330020/2024/12,330020,2024,12,2024-12-09,Verde Temprana Preventiva,False,0.0,0.0,Bajo 35,Alerta Temprana Preventiva,12,False,0.0,0.0
343,10.0,11.2,05:40,30.5,16:51,21.2,21.2,24,,,330020/2024/12,330020,2024,12,2024-12-10,Verde Temprana Preventiva,False,0.0,0.0,Bajo 35,Alerta Temprana Preventiva,12,False,0.0,0.0
344,11.0,11.0,06:26,31.9,15:03,21.1,21.1,24,,,330020/2024/12,330020,2024,12,2024-12-11,Verde Temprana Preventiva,False,0.0,0.0,Bajo 35,Alerta Temprana Preventiva,12,False,0.0,0.0
345,12.0,11.7,07:09,29.0,16:10,19.9,19.9,24,,,330020/2024/12,330020,2024,12,2024-12-12,Sin Alerta,False,0.0,0.0,Bajo 35,Alerta Temprana Preventiva,12,False,0.0,0.0
346,13.0,11.1,06:35,31.6,16:35,20.8,20.8,24,,,330020/2024/12,330020,2024,12,2024-12-13,Verde Temprana Preventiva,False,0.0,0.0,Bajo 35,Alerta Temprana Preventiva,12,False,0.0,0.0
347,14.0,12.0,06:46,32.5,17:00,22.1,22.1,24,,,330020/2024/12,330020,2024,12,2024-12-14,Verde Temprana Preventiva,False,0.0,0.0,Bajo 35,Alerta Temprana Preventiva,12,False,0.0,0.0
348,15.0,11.8,06:52,29.3,14:25,20.5,20.5,24,,,330020/2024/12,330020,2024,12,2024-12-15,Sin Alerta,False,0.0,0.0,Bajo 35,Alerta Temprana Preventiva,12,False,0.0,0.0
349,16.0,10.6,06:31,30.0,15:50,19.5,19.5,24,,,330020/2024/12,330020,2024,12,2024-12-16,Verde Temprana Preventiva,False,0.0,0.0,Bajo 35,Alerta Temprana Preventiva,12,False,0.0,0.0
350,17.0,11.7,05:43,27.7,17:41,18.9,18.9,24,,,330020/2024/12,330020,2024,12,2024-12-17,Sin Alerta,False,0.0,0.0,Bajo 35,Alerta Temprana Preventiva,12,False,0.0,0.0
351,18.0,11.1,06:39,30.7,16:47,20.2,20.2,24,,,330020/2024/12,330020,2024,12,2024-12-18,Verde Temprana Preventiva,False,0.0,0.0,Bajo 35,Alerta Temprana Preventiva,12,False,0.0,0.0
352,19.0,12.2,06:51,33.8,16:36,22.9,22.9,24,,,330020/2024/12,330020,2024,12,2024-12-19,Verde Temprana Preventiva,False,0.0,0.0,Bajo 35,Alerta Temprana Preventiva,12,False,0.0,0.0
353,20.0,13.4,06:46,31.3,17:38,22.4,22.4,24,,,330020/2024/12,330020,2024,12,2024-12-20,Verde Temprana Preventiva,False,0.0,0.0,Bajo 35,Alerta Temprana Preventiva,12,False,0.0,0.0
354,21.0,13.2,06:23,33.6,16:46,23.2,23.2,24,,,330020/2024/12,330020,2024,12,2024-12-21,Verde Temprana Preventiva,False,0.0,0.0,Bajo 35,Alerta Temprana Preventiva,12,False,0.0,0.0
355,22.0,15.6,06:08,35.6,15:46,25.5,25.5,24,,,330020/2024/12,330020,2024,12,2024-12-22,Verde Temprana Preventiva,True,1.0,1.0,Sobre 35,Alerta Temprana Preventiva,12,True,1.0,1.0
356,23.0,14.8,06:54,31.8,15:10,23.9,23.9,24,,,330020/2024/12,330020,2024,12,2024-12-23,Verde Temprana Preventiva,False,1.0,1.0,Bajo 35,Alerta Temprana Preventiva,12,False,1.0,1.0
357,24.0,13.3,07:03,32.1,15:37,22.9,22.9,24,,,330020/2024/12,330020,2024,12,2024-12-24,Verde Temprana Preventiva,False,0.0,1.0,Bajo 35,Alerta Temprana Preventiva,12,False,0.0,1.0
358,25.0,13.1,06:28,30.1,14:17,21.8,21.8,24,,,330020/2024/12,330020,2024,12,2024-12-25,Verde Temprana Preventiva,False,0.0,0.0,Bajo 35,Alerta Temprana Preventiva,12,False,0.0,0.0
359,26.0,12.3,06:14,27.2,15:00,19.3,19.3,24,,,330020/2024/12,330020,2024,12,2024-12-26,Sin Alerta,False,0.0,0.0,Bajo 35,Alerta Temprana Preventiva,12,False,0.0,0.0
360,27.0,13.1,06:18,29.3,16:17,20.1,20.1,24,,,330020/2024/12,330020,2024,12,2024-12-27,Sin Alerta,False,0.0,0.0,Bajo 35,Alerta Temprana Preventiva,12,False,0.0,0.0
361,28.0,13.6,06:52,30.5,16:56,21.0,21.0,24,,,330020/2024/12,330020,2024,12,2024-12-28,Verde Temprana Preventiva,False,0.0,0.0,Bajo 35,Alerta Temprana Preventiva,12,False,0.0,0.0
362,29.0,12.9,06:32,32.8,16:41,22.2,22.2,24,,,330020/2024/12,330020,2024,12,2024-12-29,Verde Temprana Preventiva,False,0.0,0.0,Bajo 35,Alerta Temprana Preventiva,12,False,0.0,0.0
363,30.0,13.8,06:42,31.5,17:08,22.2,22.2,24,,,330020/2024/12,330020,2024,12,2024-12-30,Verde Temprana Preventiva,False,0.0,0.0,Bajo 35,Alerta Temprana Preventiva,12,False,0.0,0.0
364,31.0,13.8,06:19,32.8,16:25,22.8,22.8,24,,,330020/2024/12,330020,2024,12,2024-12-31,Verde Temprana Preventiva,False,0.0,0.0,Bajo 35,Alerta Temprana Preventiva,12,False,0.0,0.0
365,1.0,14.2,06:32,31.7,16:21,23.1,23.1,24,,,330020/2025/1,330020,2025,1,2025-01-01,Verde Temprana Preventiva,False,0.0,0.0,Bajo 35,Alerta Temprana Preventiva,1,False,0.0,0.0
366,2.0,12.2,06:06,33.2,16:42,22.1,22.1,24,,,330020/2025/1,330020,2025,1,2025-01-02,Verde Temprana Preventiva,False,0.0,0.0,Bajo 35,Alerta Temprana Preventiva,1,False,0.0,0.0
367,3.0,13.0,06:24,32.1,14:55,22.7,22.7,24,,,330020/2025/1,330020,2025,1,2025-01-03,Verde Temprana Preventiva,False,0.0,0.0,Bajo 35,Alerta Temprana Preventiva,1,False,0.0,0.0
368,4.0,13.8,06:41,31.2,15:11,22.1,22.1,24,,,330020/2025/1,330020,2025,1,2025-01-04,Verde Temprana Preventiva,False,0.0,0.0,Bajo 35,Alerta Temprana Preventiva,1,False,0.0,0.0
369,5.0,17.9,06:15,33.8,17:43,25.1,25.1,24,,,330020/2025/1,330020,2025,1,2025-01-05,Verde Temprana Preventiva,False,0.0,0.0,Bajo 35,Alerta Temprana Preventiva,1,False,0.0,0.0
370,6.0,16.7,06:57,30.8,16:06,24.2,24.2,24,,,330020/2025/1,330020,2025,1,2025-01-06,Verde Temprana Preventiva,False,0.0,0.0,Bajo 35,Alerta Temprana Preventiva,1,False,0.0,0.0
371,7.0,14.3,04:57,26.5,17:44,19.6,19.6,24,,,330020/2025/1,330020,2025,1,2025-01-07,Sin Alerta,False,0.0,0.0,Bajo 35,Alerta Temprana Preventiva,1,False,0.0,0.0
372,8.0,13.2,06:55,30.7,16:15,20.7,20.7,24,,,330020/2025/1,330020,2025,1,2025-01-08,Verde Temprana Preventiva,False,0.0,0.0,Bajo 35,Alerta Temprana Preventiva,1,False,0.0,0.0
373,9.0,13.6,06:47,32.7,08:00,22.9,22.9,24,,,330020/2025/1,330020,2025,1,2025-01-09,Verde Temprana Preventiva,False,0.0,0.0,Bajo 35,Alerta Temprana Preventiva,1,False,0.0,0.0
374,10.0,14.6,07:05,33.8,15:42,24.3,24.3,24,,,330020/2025/1,330020,2025,1,2025-01-10,Verde Temprana Preventiva,False,0.0,0.0,Bajo 35,Alerta Temprana Preventiva,1,False,0.0,0.0
375,11.0,14.4,06:39,34.7,16:52,24.4,24.4,24,,,330020/2025/1,330020,2025,1,2025-01-11,Verde Temprana Preventiva,True,1.0,1.0,Bajo 35,Alerta Temprana Preventiva,1,True,1.0,1.0
376,12.0,15.1,07:20,29.1,14:18,22.8,22.8,24,,,330020/2025/1,330020,2025,1,2025-01-12,Sin Alerta,False,1.0,1.0,Bajo 35,Alerta Temprana Preventiva,1,False,1.0,1.0
377,13.0,14.3,06:31,30.7,16:41,21.4,21.4,24,,,330020/2025/1,330020,2025,1,2025-01-13,Verde Temprana Preventiva,False,0.0,1.0,Bajo 35,Alerta Temprana Preventiva,1,False,0.0,1.0
378,14.0,15.2,06:42,31.7,17:49,23.3,23.3,24,,,330020/2025/1,330020,2025,1,2025-01-14,Verde Temprana Preventiva,False,0.0,0.0,Bajo 35,Alerta Temprana Preventiva,1,False,0.0,0.0
379,15.0,13.2,06:45,33.3,16:10,23.0,23.0,24,,,330020/2025/1,330020,2025,1,2025-01-15,Verde Temprana Preventiva,False,0.0,0.0,Bajo 35,Alerta Temprana Preventiva,1,False,0.0,0.0
380,16.0,16.5,06:45,33.6,15:57,24.8,24.8,24,,,330020/2025/1,330020,2025,1,2025-01-16,Verde Temprana Preventiva,False,0.0,0.0,Bajo 35,Alerta Temprana Preventiva,1,False,0.0,0.0
381,17.0,13.4,07:00,32.5,16:52,23.3,23.3,24,,,330020/2025/1,330020,2025,1,2025-01-17,Verde Temprana Preventiva,False,0.0,0.0,Bajo 35,Alerta Temprana Preventiva,1,False,0.0,0.0
382,18.0,14.3,06:52,30.1,16:04,22.1,22.1,24,,,330020/2025/1,330020,2025,1,2025-01-18,Verde Temprana Preventiva,False,0.0,0.0,Bajo 35,Alerta Temprana Preventiva,1,False,0.0,0.0
383,19.0,11.3,06:54,34.2,17:05,22.2,22.2,24,,,330020/2025/1,330020,2025,1,2025-01-19,Verde Temprana Preventiva,True,1.0,1.0,Bajo 35,Alerta Temprana Preventiva,1,True,1.0,1.0
384,20.0,12.8,06:55,32.6,15:01,22.9,22.9,24,,,330020/2025/1,330020,2025,1,2025-01-20,Verde Temprana Preventiva,False,1.0,1.0,Bajo 35,Alerta Temprana Preventiva,1,False,1.0,1.0
385,21.0,12.6,06:49,31.3,16:05,21.0,21.0,24,,,330020/2025/1,330020,2025,1,2025-01-21,Verde Temprana Preventiva,False,0.0,1.0,Bajo 35,Alerta Temprana Preventiva,1,False,0.0,1.0
386,22.0,13.4,07:04,28.4,16:17,20.5,20.5,24,,,330020/2025/1,330020,2025,1,2025-01-22,Sin Alerta,False,0.0,0.0,Bajo 35,Alerta Temprana Preventiva,1,False,0.0,0.0
387,23.0,12.6,06:26,31.1,17:15,20.8,20.8,24,,,330020/2025/1,330020,2025,1,2025-01-23,Verde Temprana Preventiva,False,0.0,0.0,Bajo 35,Alerta Temprana Preventiva,1,False,0.0,0.0
388,24.0,13.9,06:26,34.0,17:28,23.7,23.7,24,,,330020/2025/1,330020,2025,1,2025-01-24,Verde Temprana Preventiva,True,1.0,1.0,Bajo 35,Alerta Temprana Preventiva,1,True,1.0,1.0
389,25.0,14.9,07:05,33.9,15:45,24.8,24.8,24,,,330020/2025/1,330020,2025,1,2025-01-25,Verde Temprana Preventiva,False,1.0,1.0,Bajo 35,Alerta Temprana Preventiva,1,False,1.0,1.0
390,26.0,14.0,07:05,32.4,16:02,23.2,23.2,24,,,330020/2025/1,330020,2025,1,2025-01-26,Verde Temprana Preventiva,False,0.0,1.0,Bajo 35,Alerta Temprana Preventiva,1,False,0.0,1.0
391,27.0,13.5,06:46,33.3,16:47,23.1,23.1,24,,,330020/2025/1,330020,2025,1,2025-01-27,Verde Temprana Preventiva,False,0.0,0.0,Bajo 35,Alerta Temprana Preventiva,1,False,0.0,0.0
392,28.0,14.2,07:04,34.1,17:12,24.2,24.2,24,,,330020/2025/1,330020,2025,1,2025-01-28,Verde Temprana Preventiva,True,1.0,1.0,Bajo 35,Alerta Temprana Preventiva,1,True,1.0,1.0
393,29.0,14.2,06:22,32.2,14:09,23.1,23.1,24,,,330020/2025/1,330020,2025,1,2025-01-29,Verde Temprana Preventiva,False,1.0,1.0,Bajo 35,Alerta Temprana Preventiva,1,False,1.0,1.0
394,30.0,13.4,05:44,31.4,14:17,21.5,21.5,24,,,330020/2025/1,330020,2025,1,2025-01-30,Verde Temprana Preventiva,False,0.0,1.0,Bajo 35,Alerta Temprana Preventiva,1,False,0.0,1.0
395,31.0,13.0,07:04,32.8,16:09,22.4,22.4,24,,,330020/2025/1,330020,2025,1,2025-01-31,Verde Temprana Preventiva,False,0.0,0.0,Bajo 35,Alerta Temprana Preventiva,1,False,0.0,0.0
396,1.0,13.5,07:37,33.3,16:18,23.6,23.6,24,,,330020/2025/2,330020,2025,2,2025-02-01,Verde Temprana Preventiva,False,0.0,0.0,Bajo 35,Alerta Temprana Preventiva,2,False,0.0,0.0
397,2.0,13.1,07:15,31.5,16:55,22.7,22.7,24,,,330020/2025/2,330020,2025,2,2025-02-02,Verde Temprana Preventiva,False,0.0,0.0,Bajo 35,Alerta Temprana Preventiva,2,False,0.0,0.0
398,3.0,14.1,06:36,32.7,16:33,22.9,22.9,24,,,330020/2025/2,330020,2025,2,2025-02-03,Verde Temprana Preventiva,False,0.0,0.0,Bajo 35,Alerta Temprana Preventiva,2,False,0.0,0.0
399,4.0,14.8,06:26,33.2,16:18,23.9,23.9,24,,,330020/2025/2,330020,2025,2,2025-02-04,Verde Temprana Preventiva,False,0.0,0.0,Bajo 35,Alerta Temprana Preventiva,2,False,0.0,0.0
400,5.0,13.8,07:05,33.9,16:25,23.6,23.6,24,,,330020/2025/2,330020,2025,2,2025-02-05,Verde Temprana Preventiva,False,0.0,0.0,Bajo 35,Alerta Temprana Preventiva,2,False,0.0,0.0
401,6.0,14.3,06:57,26.6,21:01,20.5,19.6,14,,,330020/2025/2,330020,2025,2,2025-02-06,Sin Alerta,False,0.0,0.0,Bajo 35,Alerta Temprana Preventiva,2,False,0.0,0.0
